time_s,u_m_s,w_m_s,q_rad_s,theta_rad,v_m_s,p_rad_s,r_rad_s,phi_rad
0.0,0.0,0.0,0.0,0.0,0.0,0.0,0.0,0.0
0.01,0.0,0.0,0.0,0.0,0.0,0.0,0.0,0.0
0.02,0.0,0.0,0.0,0.0,0.0,0.0,0.0,0.0
0.03,0.0,0.0,0.0,0.0,0.0,0.0,0.0,0.0
0.04,0.0,0.0,0.0,0.0,0.0,0.0,0.0,0.0
0.05,0.0,0.0,0.0,0.0,0.0,0.0,0.0,0.0
0.06,0.0,0.0,0.0,0.0,0.0,0.0,0.0,0.0
0.07,0.0,0.0,0.0,0.0,0.0,0.0,0.0,0.0
0.08,0.0,0.0,0.0,0.0,0.0,0.0,0.0,0.0
0.09,0.0,0.0,0.0,0.0,0.0,0.0,0.0,0.0
0.1,0.0,0.0,0.0,0.0,0.0,0.0,0.0,0.0
0.11,0.0,0.0,0.0,0.0,0.0,0.0,0.0,0.0
0.12,0.0,0.0,0.0,0.0,0.0,0.0,0.0,0.0
0.13,0.0,0.0,0.0,0.0,0.0,0.0,0.0,0.0
0.14,0.0,0.0,0.0,0.0,0.0,0.0,0.0,0.0
0.15,0.0,0.0,0.0,0.0,0.0,0.0,0.0,0.0
0.16,0.0,0.0,0.0,0.0,0.0,0.0,0.0,0.0
0.17,0.0,0.0,0.0,0.0,0.0,0.0,0.0,0.0
0.18,0.0,0.0,0.0,0.0,0.0,0.0,0.0,0.0
0.19,0.0,0.0,0.0,0.0,0.0,0.0,0.0,0.0
0.2,0.0,0.0,0.0,0.0,0.0,0.0,0.0,0.0
0.21,0.0,0.0,0.0,0.0,0.0,0.0,0.0,0.0
0.22,0.0,0.0,0.0,0.0,0.0,0.0,0.0,0.0
0.23,0.0,0.0,0.0,0.0,0.0,0.0,0.0,0.0
0.24,0.0,0.0,0.0,0.0,0.0,0.0,0.0,0.0
0.25,0.0,0.0,0.0,0.0,0.0,0.0,0.0,0.0
0.26,0.0,0.0,0.0,0.0,0.0,0.0,0.0,0.0
0.27,0.0,0.0,0.0,0.0,0.0,0.0,0.0,0.0
0.28,0.0,0.0,0.0,0.0,0.0,0.0,0.0,0.0
0.29,0.0,0.0,0.0,0.0,0.0,0.0,0.0,0.0
0.3,0.0,0.0,0.0,0.0,0.0,0.0,0.0,0.0
0.31,0.0,0.0,0.0,0.0,0.0,0.0,0.0,0.0
0.32,0.0,0.0,0.0,0.0,0.0,0.0,0.0,0.0
0.33,0.0,0.0,0.0,0.0,0.0,0.0,0.0,0.0
0.34,0.0,0.0,0.0,0.0,0.0,0.0,0.0,0.0
0.35000000000000003,0.0,0.0,0.0,0.0,0.0,0.0,0.0,0.0
0.36,0.0,0.0,0.0,0.0,0.0,0.0,0.0,0.0
0.37,0.0,0.0,0.0,0.0,0.0,0.0,0.0,0.0
0.38,0.0,0.0,0.0,0.0,0.0,0.0,0.0,0.0
0.39,0.0,0.0,0.0,0.0,0.0,0.0,0.0,0.0
0.4,0.0,0.0,0.0,0.0,0.0,0.0,0.0,0.0
0.41000000000000003,0.0,0.0,0.0,0.0,0.0,0.0,0.0,0.0
0.42,0.0,0.0,0.0,0.0,0.0,0.0,0.0,0.0
0.43,0.0,0.0,0.0,0.0,0.0,0.0,0.0,0.0
0.44,0.0,0.0,0.0,0.0,0.0,0.0,0.0,0.0
0.45,0.0,0.0,0.0,0.0,0.0,0.0,0.0,0.0
0.46,0.0,0.0,0.0,0.0,0.0,0.0,0.0,0.0
0.47000000000000003,0.0,0.0,0.0,0.0,0.0,0.0,0.0,0.0
0.48,0.0,0.0,0.0,0.0,0.0,0.0,0.0,0.0
0.49,0.0,0.0,0.0,0.0,0.0,0.0,0.0,0.0
0.5,0.0,0.0,0.0,0.0,0.0,0.0,0.0,0.0
0.51,0.0,0.0,0.0,0.0,0.0,0.0,0.0,0.0
0.52,0.0,0.0,0.0,0.0,0.0,0.0,0.0,0.0
0.53,0.0,0.0,0.0,0.0,0.0,0.0,0.0,0.0
0.54,0.0,0.0,0.0,0.0,0.0,0.0,0.0,0.0
0.55,0.0,0.0,0.0,0.0,0.0,0.0,0.0,0.0
0.56,0.0,0.0,0.0,0.0,0.0,0.0,0.0,0.0
0.5700000000000001,0.0,0.0,0.0,0.0,0.0,0.0,0.0,0.0
0.58,0.0,0.0,0.0,0.0,0.0,0.0,0.0,0.0
0.59,0.0,0.0,0.0,0.0,0.0,0.0,0.0,0.0
0.6,0.0,0.0,0.0,0.0,0.0,0.0,0.0,0.0
0.61,0.0,0.0,0.0,0.0,0.0,0.0,0.0,0.0
0.62,0.0,0.0,0.0,0.0,0.0,0.0,0.0,0.0
0.63,0.0,0.0,0.0,0.0,0.0,0.0,0.0,0.0
0.64,0.0,0.0,0.0,0.0,0.0,0.0,0.0,0.0
0.65,0.0,0.0,0.0,0.0,0.0,0.0,0.0,0.0
0.66,0.0,0.0,0.0,0.0,0.0,0.0,0.0,0.0
0.67,0.0,0.0,0.0,0.0,0.0,0.0,0.0,0.0
0.68,0.0,0.0,0.0,0.0,0.0,0.0,0.0,0.0
0.6900000000000001,0.0,0.0,0.0,0.0,0.0,0.0,0.0,0.0
0.7000000000000001,0.0,0.0,0.0,0.0,0.0,0.0,0.0,0.0
0.71,0.0,0.0,0.0,0.0,0.0,0.0,0.0,0.0
0.72,0.0,0.0,0.0,0.0,0.0,0.0,0.0,0.0
0.73,0.0,0.0,0.0,0.0,0.0,0.0,0.0,0.0
0.74,0.0,0.0,0.0,0.0,0.0,0.0,0.0,0.0
0.75,0.0,0.0,0.0,0.0,0.0,0.0,0.0,0.0
0.76,0.0,0.0,0.0,0.0,0.0,0.0,0.0,0.0
0.77,0.0,0.0,0.0,0.0,0.0,0.0,0.0,0.0
0.78,0.0,0.0,0.0,0.0,0.0,0.0,0.0,0.0
0.79,0.0,0.0,0.0,0.0,0.0,0.0,0.0,0.0
0.8,0.0,0.0,0.0,0.0,0.0,0.0,0.0,0.0
0.81,0.0,0.0,0.0,0.0,0.0,0.0,0.0,0.0
0.8200000000000001,0.0,0.0,0.0,0.0,0.0,0.0,0.0,0.0
0.8300000000000001,0.0,0.0,0.0,0.0,0.0,0.0,0.0,0.0
0.84,0.0,0.0,0.0,0.0,0.0,0.0,0.0,0.0
0.85,0.0,0.0,0.0,0.0,0.0,0.0,0.0,0.0
0.86,0.0,0.0,0.0,0.0,0.0,0.0,0.0,0.0
0.87,0.0,0.0,0.0,0.0,0.0,0.0,0.0,0.0
0.88,0.0,0.0,0.0,0.0,0.0,0.0,0.0,0.0
0.89,0.0,0.0,0.0,0.0,0.0,0.0,0.0,0.0
0.9,0.0,0.0,0.0,0.0,0.0,0.0,0.0,0.0
0.91,0.0,0.0,0.0,0.0,0.0,0.0,0.0,0.0
0.92,0.0,0.0,0.0,0.0,0.0,0.0,0.0,0.0
0.93,0.0,0.0,0.0,0.0,0.0,0.0,0.0,0.0
0.9400000000000001,0.0,0.0,0.0,0.0,0.0,0.0,0.0,0.0
0.9500000000000001,0.0,0.0,0.0,0.0,0.0,0.0,0.0,0.0
0.96,0.0,0.0,0.0,0.0,0.0,0.0,0.0,0.0
0.97,0.0,0.0,0.0,0.0,0.0,0.0,0.0,0.0
0.98,0.0,0.0,0.0,0.0,0.0,0.0,0.0,0.0
0.99,0.0,0.0,0.0,0.0,0.0,0.0,0.0,0.0
1.0,0.0,0.0,0.0,0.0,0.0,0.0,0.0,0.0
1.01,0.0,-0.0013089969389957472,-0.007853981633974483,0.0,0.0,0.0,0.0,0.0
1.02,-2.356194490192345e-06,-0.004161301269067481,-0.01546776232964325,-7.853981633974484e-05,0.0,0.0,0.0,0.0
1.03,-2.1318847747260333e-06,-0.00847644685398003,-0.022824147626814423,-0.00023321743963617732,0.0,0.0,0.0,0.0
1.04,5.498095632472759e-06,-0.01417225301121166,-0.029907669266943798,-0.00046145891590432156,0.0,0.0,0.0,0.0
1.05,2.5234067860849338e-05,-0.021165204977030148,-0.03670456349072226,-0.0007605356085737595,0.0,0.0,0.0,0.0
1.06,6.163925901826532e-05,-0.02937082194812774,-0.04320274405277862,-0.0011275812434809822,0.0,0.0,0.0,0.0
1.07,0.00011912861460924303,-0.038704011911581654,-0.049391770293449815,-0.0015596086840087686,0.0,0.0,0.0,0.0
1.08,0.00020195866488829743,-0.04907941255942642,-0.055262810610270885,-0.0020535263869432665,0.0,0.0,0.0,0.0
1.09,0.00031421843444793347,-0.060411717667382604,-0.06080860167315423,-0.0026061544930459754,0.0,0.0,0.0,0.0
1.1,0.0004598213809897737,-0.0726159883990353,-0.06602340372721874,-0.0032142405097775177,0.0,0.0,0.0,0.0
1.11,0.0006424983460805277,-0.08560794907676197,-0.07090295232595556,-0.003874474547049705,0.0,0.0,0.0,0.0
1.12,0.000865791497754394,-0.0993042670387594,-0.07544440683494044,-0.0045835040703092605,0.0,0.0,0.0,0.0
1.1300000000000001,0.0011330492420913972,-0.11362281627741357,-0.07964629604268694,-0.005337948138658665,0.0,0.0,0.0,0.0
1.1400000000000001,0.001447422078377684,-0.12848292462781566,-0.08350846121054524,-0.006134411099085534,0.0,0.0,0.0,0.0
1.1500000000000001,0.0018118593701387205,-0.14380560434628498,-0.08703199688785412,-0.006969495711190986,0.0,0.0,0.0,0.0
1.16,0.0022291070022286605,-0.15951376598717054,-0.0902191898119162,-0.007839815680069528,0.0,0.0,0.0,0.0
1.17,0.002701705892257214,-0.17553241555183455,-0.09307345620485478,-0.008742007578188691,0.0,0.0,0.0,0.0
1.18,0.003231991322936742,-0.19178883494645854,-0.09559927777109377,-0.009672742140237238,0.0,0.0,0.0,0.0
1.19,0.0038220930604340557,-0.20821274584505797,-0.09780213669014605,-0.010628734917948177,0.0,0.0,0.0,0.0
1.2,0.004473936222509844,-0.22473645711075974,-0.09968844988966782,-0.011606756284849636,0.0,0.0,0.0,0.0
1.21,0.005189242859119685,-0.23867700210392917,-0.0855575396054546,-0.012603640783746314,0.0,0.0,0.0,0.0
1.22,0.005974246596209824,-0.24950362074185567,-0.07160585870848693,-0.01345921617980086,0.0,0.0,0.0,0.0
1.23,0.006820397350408867,-0.2573180392351518,-0.05787661978587794,-0.014175274766885728,0.0,0.0,0.0,0.0
1.24,0.007719173665545366,-0.2622284302108463,-0.04441025299107882,-0.014754040964744508,0.0,0.0,0.0,0.0
1.25,0.00866211338041199,-0.26434872105129736,-0.03124438401825324,-0.015198143494655297,0.0,0.0,0.0,0.0
1.26,0.009640842683147608,-0.26379791256753793,-0.01841382339878235,-0.015510587334837829,0.0,0.0,0.0,0.0
1.27,0.01064710351880441,-0.2606994100431624,-0.005950566643503548,-0.015694725568825653,0.0,0.0,0.0,0.0
1.28,0.011672779324249536,-0.25518036854659254,0.0061161952639174535,-0.01575423123526069,0.0,0.0,0.0,0.0
1.29,0.012709919071882896,-0.2473710542706046,0.017760055532636557,-0.015693069282621517,0.0,0.0,0.0,0.0
1.3,0.01375075961071907,-0.23740422351890203,0.02895736191242753,-0.015515468727295152,0.0,0.0,0.0,0.0
1.31,0.014787746300167682,-0.22541452082079888,0.03968717825720239,-0.015225895108170876,0.0,0.0,0.0,0.0
1.32,0.0158135519383411,-0.21153789751722704,0.04993123784584767,-0.014829023325598852,0.0,0.0,0.0,0.0
1.33,0.01682109399291031,-0.19591105202476838,0.05967388900762461,-0.014329710947140376,0.0,0.0,0.0,0.0
1.34,0.017803550148409973,-0.17867089284967794,0.06890203360276598,-0.013732972057064129,0.0,0.0,0.0,0.0
1.35,0.01875437218945522,-0.15995402529132463,0.07760505891010723,-0.01304395172103647,0.0,0.0,0.0,0.0
1.36,0.019667298244568802,-0.13989626264451582,0.08577476347270897,-0.012267901131935398,0.0,0.0,0.0,0.0
1.37,0.020536363420224347,-0.11863216258315543,0.09340527744955988,-0.011410153497208309,0.0,0.0,0.0,0.0
1.3800000000000001,0.02135590885928586,-0.09629458928394301,0.10049297801669571,-0.01047610072271271,0.0,0.0,0.0,0.0
1.3900000000000001,0.02212058926226388,-0.07301430172866032,0.10703640035453348,-0.009471170942545752,0.0,0.0,0.0,0.0
1.4000000000000001,0.02282537891371452,-0.04891956850729186,0.1130361447500064,-0.008400806939000418,0.0,0.0,0.0,0.0
1.41,0.023465576259679734,-0.025444806271033453,0.1106407986983261,-0.007270445491500354,0.0,0.0,0.0,0.0
1.42,0.024034450890817405,-0.002946564633494287,0.10794898362010383,-0.006164037504517093,0.0,0.0,0.0,0.0
1.43,0.02453289445992881,0.018536868791594135,0.10498410105600549,-0.005084547668316054,0.0,0.0,0.0,0.0
1.44,0.024962016793283782,0.03897268449695226,0.10176949120739759,-0.004034706657756,0.0,0.0,0.0,0.0
1.45,0.025323131877972367,0.05833342224644279,0.09832834985228434,-0.003017011745682024,0.0,0.0,0.0,0.0
1.46,0.025617743736379886,0.07659682842657856,0.0946836495775395,-0.0020337282471591805,0.0,0.0,0.0,0.0
1.47,0.025847532244901248,0.09374570073897365,0.09085806542062462,-0.0010868917513837855,0.0,0.0,0.0,0.0
1.48,0.026014338951613564,0.10976772138186582,0.0868739049935155,-0.00017831109717753924,0.0,0.0,0.0,0.0
1.49,0.02612015294513726,0.12465527985888844,0.08275304314175394,0.0006904279527576157,0.0,0.0,0.0,0.0
1.5,0.02616709682434816,0.1384052865395866,0.07851686117244462,0.001517958384175155,0.0,0.0,0.0,0.0
1.51,0.02615741281596957,0.15101897807897377,0.07418619066666475,0.0023031269958996015,0.0,0.0,0.0,0.0
1.52,0.0260934490843869,0.16250171578293648,0.06978126187418203,0.003044988902566249,0.0,0.0,0.0,0.0
1.53,0.025977646275300012,0.17286277798274052,0.0653216566716116,0.0037428015213080692,0.0,0.0,0.0,0.0
1.54,0.025812524332072363,0.1821151474554982,0.06082626604921165,0.004396018088024185,0.0,0.0,0.0,0.0
1.55,0.025600669620862382,0.19027529489845058,0.05631325207643954,0.005004280748516302,0.0,0.0,0.0,0.0
1.56,0.025344722397842523,0.197362959433525,0.051800014282183685,0.005567413269280697,0.0,0.0,0.0,0.0
1.57,0.025047364649035495,0.20340092708507282,0.04730316037226182,0.006085413412102534,0.0,0.0,0.0,0.0
1.58,0.024711308330535416,0.2084148081381954,0.04283848119434438,0.006558445015825152,0.0,0.0,0.0,0.0
1.59,0.024339284034143472,0.21243281424784843,0.03842092984892598,0.006986829827768596,0.0,0.0,0.0,0.0
1.6,0.023934030100742097,0.2154855361301898,0.03406460483433147,0.007371039126257856,0.0,0.0,0.0,0.0
1.61,0.023498282201067425,0.21760572262761693,0.02978273710400262,0.007711685174601171,0.0,0.0,0.0,0.0
1.62,0.023034763400924276,0.21882806189783002,0.02558768090546302,0.008009512545641197,0.0,0.0,0.0,0.0
1.6300000000000001,0.022546174725329087,0.21918896543526173,0.02149090826239415,0.008265389354695828,0.0,0.0,0.0,0.0
1.6400000000000001,0.022035186233570515,0.21872635559052275,0.017503006954163222,0.00848029843731977,0.0,0.0,0.0,0.0
1.6500000000000001,0.02150442861475139,0.21747945721031942,0.013633681840910334,0.008655328506861402,0.0,0.0,0.0,0.0
1.6600000000000001,0.020956485311024908,0.21548859397678152,0.009891759376912269,0.008791665325270506,0.0,0.0,0.0,0.0
1.67,0.020393885173467772,0.2127949899814744,0.006285195150374125,0.008890582919039628,0.0,0.0,0.0,0.0
1.68,0.019819095653348072,0.20944057702572397,0.0028210842840375307,0.00895343487054337,0.0,0.0,0.0,0.0
1.69,0.019234516529450008,0.20546780809541784,-0.0004943254719875678,0.008981645713383744,0.0,0.0,0.0,0.0
1.7,0.018642474170115126,0.2009194774153104,-0.0036556181259861675,0.008976702458663869,0.0,0.0,0.0,0.0
1.71,0.018045216326753277,0.19583854744520085,-0.006658191481310809,0.008940146277404007,0.0,0.0,0.0,0.0
1.72,0.01744490745376894,0.1902679831383022,-0.009498236997071342,0.008873564362590899,0.0,0.0,0.0,0.0
1.73,0.016843624548141888,0.1842505937408072,-0.012172717646070145,0.008778581992620185,0.0,0.0,0.0,0.0
1.74,0.016243353500297104,0.17782888237119923,-0.014679343942688623,0.008656854816159482,0.0,0.0,0.0,0.0
1.75,0.01564598594639877,0.17104490357836424,-0.01701654831229678,0.008510061376732596,0.0,0.0,0.0,0.0
1.76,0.015053316610807483,0.16394012903913444,-0.01918345797204392,0.008339895893609627,0.0,0.0,0.0,0.0
1.77,0.01446704112614943,0.15655532151862817,-0.02117986649062787,0.008148061313889189,0.0,0.0,0.0,0.0
1.78,0.013888754317260603,0.14893041718072836,-0.023006204191865953,0.00793626264898291,0.0,0.0,0.0,0.0
1.79,0.013319948934188195,0.14110441630133905,-0.024663507563636364,0.007706200607064251,0.0,0.0,0.0,0.0
1.8,0.012762014818454012,0.13311528240374434,-0.026153387830058206,0.007459565531427887,0.0,0.0,0.0,0.0
1.81,0.012216238485910169,0.1249998498035249,-0.027477998840665388,0.007198031653127305,0.0,0.0,0.0,0.0
1.82,0.011683803108743902,0.11679373952011643,-0.028640004425838438,0.006923251664720652,0.0,0.0,0.0,0.0
1.83,0.011165788878514292,0.10853128348326509,-0.029642545362922393,0.0066368516204622675,0.0,0.0,0.0,0.0
1.84,0.010663173731527061,0.10024545693538245,-0.030489206092311916,0.006340426166833044,0.0,0.0,0.0,0.0
1.85,0.010176834417372015,0.09196781890515635,-0.031183981317359846,0.0060355341059099244,0.0,0.0,0.0,0.0
1.86,0.00970754789105857,0.0837284606037545,-0.03173124261629501,0.005723694292736326,0.0,0.0,0.0,0.0
1.87,0.009255993008885448,0.07555596157257924,-0.032135705188451415,0.0054063818665733765,0.0,0.0,0.0,0.0
1.8800000000000001,0.008822752507967924,0.06747735339080259,-0.03240239485104531,0.005085024814688862,0.0,0.0,0.0,0.0
1.8900000000000001,0.008408315249216926,0.0595180907318309,-0.0325366153965195,0.004761000866178409,0.0,0.0,0.0,0.0
1.9000000000000001,0.008013078703515409,0.05170202954041403,-0.032543916414135725,0.004435634712213214,0.0,0.0,0.0,0.0
1.9100000000000001,0.007637351660865273,0.04405141208631358,-0.032430061673064586,0.004110195548071857,0.0,0.0,0.0,0.0
1.92,0.007281357142379154,0.03658685863626202,-0.03220099815772621,0.003785894931341211,0.0,0.0,0.0,0.0
1.93,0.00694523549516186,0.029327365473358624,-0.03186282583960075,0.003463884949763949,0.0,0.0,0.0,0.0
1.94,0.006629047650362383,0.022290308982031812,-0.0314217682631814,0.0031452566913679415,0.0,0.0,0.0,0.0
1.95,0.006332778524975323,0.015491455507220326,-0.030884144017208636,0.0028310390087361277,0.0,0.0,0.0,0.0
1.96,0.006056340548326409,0.008944976688452145,-0.03025633915582622,0.0025221975685640412,0.0,0.0,0.0,0.0
1.97,0.0057995772945865194,0.0026634699629911208,-0.02954478062785993,0.002219634177005779,0.0,0.0,0.0,0.0
1.98,0.005562267203118373,-0.0033420160728657843,-0.02875591076605892,0.0019241863707271795,0.0,0.0,0.0,0.0
1.99,0.005344127368965781,-0.009061951758969216,-0.02789616288187829,0.0016366272630665903,0.0,0.0,0.0,0.0
2.0,0.005144817386343148,-0.014488292239989282,-0.026971938005237193,0.0013576656342478074,0.0,0.0,0.0,0.0
2.0100000000000002,0.004963943228568816,-0.019614439425701347,-0.025989582802677547,0.0010879462541954353,0.0,0.0,0.0,0.0
2.02,0.004801061148505992,-0.024435200360897108,-0.02495536870148992,0.0008280504261686599,0.0,0.0,0.0,0.0
2.0300000000000002,0.004655681584225507,-0.028946742321655797,-0.023875472241680046,0.0005784967391537607,0.0,0.0,0.0,0.0
2.04,0.004527273055281795,-0.03314654495232661,-0.022755956672135227,0.00033974201673696026,0.0,0.0,0.0,0.0
2.05,0.004415266035693527,-0.03703334975414177,-0.02160275480202674,0.00011218245001560798,0.0,0.0,0.0,0.0
2.06,0.004319056790439628,-0.040607107231959996,-0.020421653113362945,-0.00010384509800465941,0.0,0.0,0.0,0.0
2.07,0.004238011163016511,-0.043868922000294505,-0.019218277135698184,-0.0003080616291382889,0.0,0.0,0.0,0.0
2.08,0.004171468302349777,-0.04682099614356907,-0.01799807807931256,-0.0005002444004952707,0.0,0.0,0.0,0.0
2.09,0.00411874431811007,-0.04946657111853308,-0.016766320718715314,-0.0006802251812883963,0.0,0.0,0.0,0.0
2.1,0.00407913585424504,-0.05180986847901372,-0.015528072514094968,-0.0008478883884755495,0.0,0.0,0.0,0.0
2.11,0.004051923571304438,-0.053856029694753144,-0.014288193954348475,-0.0010031691136164992,0.0,0.0,0.0,0.0
2.12,0.0040363755289001815,-0.05561105532703215,-0.013051330101572391,-0.001146051053159984,0.0,0.0,0.0,0.0
2.13,0.004031750460405137,-0.057081743814181254,-0.011821903313394916,-0.0012765643541757079,0.0,0.0,0.0,0.0
2.14,0.004037300932750547,-0.058275630109985266,-0.010604107116269846,-0.001394783387309657,0.0,0.0,0.0,0.0
2.15,0.004052276384930098,-0.0592009244074588,-0.009401901199843143,-0.0015008244584723553,0.0,0.0,0.0,0.0
2.16,0.004075926039556104,-0.0598664511695653,-0.008219007499739459,-0.0015948434704707868,0.0,0.0,0.0,0.0
2.17,0.0041075016825379345,-0.060281588677229214,-0.0070589073335987134,-0.0016770335454681813,0.0,0.0,0.0,0.0
2.18,0.0041462603066626915,-0.06045620929350491,-0.005924839552919628,-0.0017476226188041684,0.0,0.0,0.0,0.0
2.19,0.004191466615551088,-0.06040062063107187,-0.004819799671235221,-0.0018068710143333646,0.0,0.0,0.0,0.0
2.2,0.004242395385135947,-0.06012550779837526,-0.003746539927351245,-0.0018550690110457168,0.0,0.0,0.0,0.0
2.21,0.0042983336804648855,-0.059641876887775586,-0.0027075702408180255,-0.0018925344103192293,0.0,0.0,0.0,0.0
2.22,0.004358582926261253,-0.05896099985705916,-0.0017051600154743666,-0.0019196101127274096,0.0,0.0,0.0,0.0
2.23,0.0044224608302868085,-0.05809436094363962,-0.0007413407457935367,-0.0019366617128821534,0.0,0.0,0.0,0.0
2.24,0.004489303159134792,-0.05705360473879391,0.0001820906201302399,-0.0019440751203400888,0.0,0.0,0.0,0.0
2.25,0.00455846536664196,-0.055850486037367135,0.001063567607797466,-0.0019422542141387864,0.0,0.0,0.0,0.0
2.2600000000000002,0.004629324075641818,-0.05449682156658942,0.0019017494810416487,-0.0019316185380608118,0.0,0.0,0.0,0.0
2.27,0.004701278414288027,-0.053004443686012204,0.0026955158918924396,-0.0019126010432503953,0.0,0.0,0.0,0.0
2.2800000000000002,0.004773751208656059,-0.051385156139127475,0.0034439609632597847,-0.001885645884331471,0.0,0.0,0.0,0.0
2.29,0.004846190033782192,-0.049650691926014436,0.004146386852049315,-0.001851206274698873,0.0,0.0,0.0,0.0
2.3000000000000003,0.00491806812572144,-0.04781267335539474,0.004802296840062049,-0.0018097424061783798,0.0,0.0,0.0,0.0
2.31,0.004988885157599798,-0.045882574323799094,0.005411387999611791,-0.0017617194377777593,0.0,0.0,0.0,0.0
2.32,0.005058167883001038,-0.04387168485918015,0.0059735434802203466,-0.0017076055577816412,0.0,0.0,0.0,0.0
2.33,0.0051254706503642885,-0.041791077956274306,0.00648882446203297,-0.0016478701229794377,0.0,0.0,0.0,0.0
2.34,0.005190375792375748,-0.0396515787213385,0.006957461820743481,-0.001582981878359108,0.0,0.0,0.0,0.0
2.35,0.005252493894616389,-0.03746373583458833,0.0073798475478395985,-0.001513407260151673,0.0,0.0,0.0,0.0
2.36,0.005311463947977621,-0.03523779532975636,0.007756525968883517,-0.001439608784673277,0.0,0.0,0.0,0.0
2.37,0.005366953389579002,-0.03298367668169062,0.008088184801339991,-0.0013620435249844418,0.0,0.0,0.0,0.0
2.38,0.0054186580371167,-0.03071095118483417,0.008375646092163465,-0.001281161676971042,0.0,0.0,0.0,0.0
2.39,0.005466301921738968,-0.028428822597779776,0.008619857073966376,-0.0011974052160494074,0.0,0.0,0.0,0.0
2.4,0.005509637024686108,-0.0261461100218853,0.008821880977121773,-0.0011112066453097436,0.0,0.0,0.0,0.0
2.41,0.005548442923047918,-0.023871232975174156,0.008982887833613928,-0.001022987835538526,0.0,0.0,0.0,0.0
2.42,0.0055825263500821325,-0.02161219861643405,0.009104145306849462,-0.0009331589572023866,0.0,0.0,0.0,0.0
2.43,0.00561172067560376,-0.019376591068569617,0.009187009579987446,-0.0008421175041338919,0.0,0.0,0.0,0.0
2.44,0.005635885311998334,-0.017171562784861392,0.009232916333648429,-0.0007502474083340175,0.0,0.0,0.0,0.0
2.45,0.005654905051432757,-0.015003827896833605,0.009243371842127623,-0.0006579182449975333,0.0,0.0,0.0,0.0
2.46,0.005668689339836697,-0.012879657477934604,0.009219944215474687,-0.0005654845265762571,0.0,0.0,0.0,0.0
2.47,0.005677171493206232,-0.010804876653181897,0.009164254813019301,-0.0004732850844215102,0.0,0.0,0.0,0.0
2.48,0.005680307861740789,-0.008784863481313661,0.009077969852125684,-0.0003816425362913172,0.0,0.0,0.0,0.0
2.49,0.005678076947265291,-0.006824549532813123,0.008962792234157397,-0.0002908628377700604,0.0,0.0,0.0,0.0
2.5,0.005670478479312956,-0.004928422084423425,0.008820453607833225,-0.00020123491542848638,0.0,0.0,0.0,0.0
2.5100000000000002,0.005657532455151414,-0.003100527848439078,0.008652706688362115,-0.00011303037935015413,0.0,0.0,0.0,0.0
2.52,0.005639278148926838,-0.0013444781531354944,0.008461317848966357,-2.650331246653298e-05,0.0,0.0,0.0,0.0
2.5300000000000002,0.005615773094978668,0.0003365445108311346,0.008248059999643363,5.810986602313059e-05,0.0,0.0,0.0,0.0
2.54,0.005587092050242385,0.0019397786643675027,0.008014705766282956,0.00014059046601956423,0.0,0.0,0.0,0.0
2.5500000000000003,0.005553325940510709,0.0034628748213206798,0.007763020981554458,0.0002207375236823938,0.0,0.0,0.0,0.0
2.56,0.005514580795165698,0.004903885364800262,0.0074947584973107184,0.0002983677334979384,0.0,0.0,0.0,0.0
2.57,0.005470976674826495,0.006261253406035441,0.0072116523266291975,0.0003733153184710456,0.0,0.0,0.0,0.0
2.58,0.005422646596181078,0.007533800713110751,0.006915412122027444,0.00044543184173733753,0.0,0.0,0.0,0.0
2.59,0.005369735458086284,0.008720714796367646,0.0066077179948555494,0.000514585962957612,0.0,0.0,0.0,0.0
2.6,0.005312398972829642,0.009821535236408432,0.006290215679384939,0.0005806631429061675,0.0,0.0,0.0,0.0
2.61,0.005250802606250197,0.010836139339511035,0.0059645120436842445,0.0006435652997000169,0.0,0.0,0.0,0.0
2.62,0.005185120530214494,0.0117647272038744,0.00563217094800179,0.0007032104201368593,0.0,0.0,0.0,0.0
2.63,0.005115534590739141,0.012607806278481895,0.005294709450062793,0.0007595321296168773,0.0,0.0,0.0,0.0
2.64,0.005042233294843889,0.013366175494511159,0.004953594355439936,0.0008124792241175052,0.0,0.0,0.0,0.0
2.65,0.004965410819009738,0.014040909047150505,0.004610239109970117,0.0008620151676719046,0.0,0.0,0.0,0.0
2.66,0.004885266041906154,0.0146333399034213,0.004266001030069626,0.0009081175587716058,0.0,0.0,0.0,0.0
2.67,0.004802001603840812,0.015145043109170035,0.0039221788657455995,0.0009507775690723021,0.0,0.0,0.0,0.0
2.68,0.004715822995175194,0.015577818965799697,0.0035800106901145074,0.000989999357729758,0.0,0.0,0.0,0.0
2.69,0.004626937675740608,0.01593367614457458,0.0032406721083189935,0.0010257994646309032,0.0,0.0,0.0,0.0
2.7,0.0045355542270824395,0.016214814803472127,0.002905274777883026,0.001058206185714093,0.0,0.0,0.0,0.0
2.71,0.0044418815391563905,0.01642360976858624,0.0025748652317620245,0.0010872589334929234,0.0,0.0,0.0,0.0
2.72,0.004346128032899733,0.01656259383902424,0.002250423994629179,0.0011130075858105436,0.0,0.0,0.0,0.0
2.73,0.004248500919903783,0.016634441271100267,0.0019328649822911363,0.0011355118257568354,0.0,0.0,0.0,0.0
2.74,0.004149205500221422,0.01664195149442606,0.0016230351735448821,0.0011548404755797467,0.0,0.0,0.0,0.0
2.75,0.004048444499156085,0.01658803310925054,0.0013217145432721322,0.0011710708273151955,0.0,0.0,0.0,0.0
2.7600000000000002,0.00394641744369666,0.016475688211116613,0.0010296162451167072,0.0011842879727479167,0.0,0.0,0.0,0.0
2.77,0.003843320079086573,0.01630799708560063,0.0007473870317029803,0.0011945841351990838,0.0,0.0,0.0,0.0
2.7800000000000002,0.0037393438258454606,0.016088103312590005,0.00047560790002803036,0.0012020580055161136,0.0,0.0,0.0,0.0
2.79,0.003634675277398441,0.015819199316250303,0.00021479494939502313,0.001206814084516394,0.0,0.0,0.0,0.0
2.8000000000000003,0.00352949573831156,0.015504512393546261,-3.4599560951218e-05,0.001208962034010344,0.0,0.0,0.0,0.0
2.81,0.00342398080298262,0.015147291250923366,-0.0002721859674753952,0.0012086160384008318,0.0,0.0,0.0,0.0
2.82,0.0033182999744946337,0.014750793075538018,-0.000497635784373905,0.0012058941787260779,0.0,0.0,0.0,0.0
2.83,0.0032126163232046962,0.014318271164255476,-0.0007106801250950276,0.0012009178208823388,0.0,0.0,0.0,0.0
2.84,0.003107086184514339,0.013852963130524672,-0.0009111079764767244,0.0011938110196313884,0.0,0.0,0.0,0.0
2.85,0.003001858895148484,0.013358079706196709,-0.0010987643385662513,0.0011846999398666212,0.0,0.0,0.0,0.0
2.86,0.002897076567159099,0.012836794152387289,-0.001273548243084871,0.0011737122964809586,0.0,0.0,0.0,0.0
2.87,0.002792873898766546,0.012292232290600068,-0.001435410663356918,0.0011609768140501099,0.0,0.0,0.0,0.0
2.88,0.002689378021056491,0.011727463162534717,-0.0015843523283378422,0.0011466227074165406,0.0,0.0,0.0,0.0
2.89,0.0025867083794630535,0.011145490324306524,-0.0017204214531531424,0.0011307791841331622,0.0,0.0,0.0,0.0
2.9,0.0024849766488895973,0.010549243778209217,-0.001843711398301874,0.0011135749696016307,0.0,0.0,0.0,0.0
2.91,0.0023842866812471175,0.009941572542664222,-0.00195435826938722,0.001095137855618612,0.0,0.0,0.0,0.0
2.92,0.0022847344841264894,0.009325237858622099,-0.0020525384689150496,0.0010755942729247397,0.0,0.0,0.0,0.0
2.93,0.0021864082292647607,0.00870290702841914,-0.0021384662113520074,0.0010550688882355892,0.0,0.0,0.0,0.0
2.94,0.002089388289417092,0.008077147880947082,-0.0022123910122600157,0.0010336842261220692,0.0,0.0,0.0,0.0
2.95,0.00199374730220467,0.007450423854969271,-0.0022745951619267063,0.001011560315999469,0.0,0.0,0.0,0.0
2.96,0.001899550259474807,0.006825089690514143,-0.00232539119349368,0.000988814364380202,0.0,0.0,0.0,0.0
2.97,0.0018068546206822403,0.006203387716498286,-0.0023651193551490887,0.0009655604524452651,0.0,0.0,0.0,0.0
2.98,0.0017157104487801912,0.005587444721077229,-0.0023941450955002963,0.0009419092588937743,0.0,0.0,0.0,0.0
2.99,0.0016261605670957742,0.0049792693896930865,-0.002412856570778595,0.0009179678079387713,0.0,0.0,0.0,0.0
3.0,0.001538240735656626,0.004380750294384142,-0.0024216621820534892,0.0008938392422309854,0.0,0.0,0.0,0.0
3.0100000000000002,0.0014519798454339001,0.003793654416641781,-0.0024209881501511175,0.0008696226204104505,0.0,0.0,0.0,0.0
3.02,0.0013674001289707678,0.003219626184944043,-0.002411276135482117,0.0008454127389089393,0.0,0.0,0.0,0.0
3.0300000000000002,0.001284517385875023,0.0026601870070609994,-0.0023929809094907647,0.0008212999775541181,0.0,0.0,0.0,0.0
3.04,0.0012033412216689986,0.0021167352763134402,-0.002366568083941531,0.0007973701684592105,0.0,0.0,0.0,0.0
3.0500000000000003,0.0011238752985095045,0.0015905468301708687,-0.002332511903763192,0.0007737044876197952,0.0,0.0,0.0,0.0
3.06,0.0010461175963145703,0.0010827758388950756,-0.0022912931086762163,0.0007503793685821633,0.0,0.0,0.0,0.0
3.0700000000000003,0.00097006068286215,0.0005944561013688336,-0.0022433968683379987,0.0007274664374954011,0.0,0.0,0.0,0.0
3.08,0.000895691991458294,0.00012650272479245334,-0.0021893107952543206,0.0007050324688120211,0.0,0.0,0.0,0.0
3.09,0.0008229941048083363,-0.0003202858354192604,-0.0021295230392257536,0.0006831393608594779,0.0,0.0,0.0,0.0
3.1,0.0007519450437640719,-0.000745225399454265,-0.0020645204666260297,0.0006618441304672203,0.0,0.0,0.0,0.0
3.11,0.0006825185596624107,-0.0011477433746972798,-0.0019947869273470777,0.00064119892580096,0.0,0.0,0.0,0.0
3.12,0.0006146844290162993,-0.0015273757792156895,-0.0019208016117937205,0.0006212510565274893,0.0,0.0,0.0,0.0
3.13,0.0005484087493664958,-0.001883764001214018,-0.001843037499871145,0.000602043040409552,0.0,0.0,0.0,0.0
3.14,0.0004836542351527943,-0.002216651318408318,-0.0017619599034812525,0.0005836126654108405,0.0,0.0,0.0,0.0
3.15,0.0004203805125152141,-0.0025258792010640634,-0.0016780251036308722,0.000565993066376028,0.0,0.0,0.0,0.0
3.16,0.00035854441198924657,-0.002811383422155499,-0.0015916790828564573,0.0005492128153397193,0.0,0.0,0.0,0.0
3.17,0.00029810025811418533,-0.0030731899977454497,-0.0015033563532870717,0.0005332960245111548,0.0,0.0,0.0,0.0
3.18,0.00023900015502961966,-0.0033114109802570087,-0.0014134788803009221,0.0005182624609782841,0.0,0.0,0.0,0.0
3.19,0.00018119426719206296,-0.003526240126817003,-0.001322455101380998,0.0005041276721752749,0.0,0.0,0.0,0.0
3.2,0.00012463109440119123,-0.00371794846430039,-0.0012306790394430705,0.000490903121161465,0.0,0.0,0.0,0.0
3.21,6.925774038302581e-05,-0.003886879772099504,-0.0011385295095948079,0.0004785963307670343,0.0,0.0,0.0,0.0
3.22,1.5020174235391931e-05,-0.004033446002987057,-0.0010463694179884194,0.0004672110356710862,0.0,0.0,0.0,0.0
3.23,-3.8136515901106986e-05,-0.004158122661741661,-0.0009545451511513266,0.000456747341491202,0.0,0.0,0.0,0.0
3.24,-9.026787752574424e-05,-0.004261444160464044,-0.0008633860539200443,0.00044720188997968873,0.0,0.0,0.0,0.0
3.25,-0.00014142985733597887,-0.004343999168735627,-0.0007732039938618533,0.00043856802944048826,0.0,0.0,0.0,0.0
3.2600000000000002,-0.00019167857412700378,-0.004406425975963198,-0.0006842930098469871,0.00043083598950186973,0.0,0.0,0.0,0.0
3.27,-0.00024107010144253755,-0.004449407882418479,-0.0005969290422309055,0.00042399305940339985,0.0,0.0,0.0,0.0
3.2800000000000002,-0.0002896602603323057,-0.004473668634623775,-0.0005113697419216749,0.0004180237689810908,0.0,0.0,0.0,0.0
3.29,-0.0003375044225182778,-0.0044799679198586845,-0.00042785435544136566,0.00041291007156187405,0.0,0.0,0.0,0.0
3.3000000000000003,-0.0003846573242196665,-0.004469096933672297,-0.00034660368294245694,0.0004086315280074604,0.0,0.0,0.0,0.0
3.31,-0.00043117289083608595,-0.004441874033384132,-0.00026782010601025737,0.0004051654911780358,0.0,0.0,0.0,0.0
3.3200000000000003,-0.00047710407263923117,-0.004399140489649265,-0.00019168768196993415,0.00040248729011793324,0.0,0.0,0.0,0.0
3.33,-0.0005225026915760844,-0.004341756347252142,-0.000118372301321532,0.0004005704132982339,0.0,0.0,0.0,0.0
3.34,-0.0005674192992410754,-0.004270596405383121,-4.802190484790893e-05,0.0003993866902850186,0.0,0.0,0.0,0.0
3.35,-0.0006119030460309128,-0.00418654632674497,1.923324312165036e-05,0.0003989064712365395,0.0,0.0,0.0,0.0
3.36,-0.0006560015614540285,-0.004090498883936779,8.328022885577574e-05,0.000399098803667756,0.0,0.0,0.0,0.0
3.37,-0.0006997608455268146,-0.003983350350672774,0.00014402311436810707,0.0003999316059563138,0.0,0.0,0.0,0.0
3.38,-0.0007432251711511274,-0.0038659970445163363,0.00020138251717846466,0.0004013718370999949,0.0,0.0,0.0,0.0
3.39,-0.0007864369973319315,-0.0037393320269477424,0.0002552951483018953,0.00040338566227177955,0.0,0.0,0.0,0.0
3.4,-0.0008294368930605049,-0.0036042419657401374,0.0003057133120684663,0.0004059386137547985,0.0,0.0,0.0,0.0
3.41,-0.0008722634716573287,-0.0034616041637944776,0.00035260437135299107,0.00040899574687548317,0.0,0.0,0.0,0.0
3.42,-0.0009149533353396829,-0.003312283757782594,0.00039595018175809306,0.0004125217905890131,0.0,0.0,0.0,0.0
3.43,-0.0009575410297520471,-0.003157131089170163,0.0004357464982468268,0.000416481292406594,0.0,0.0,0.0,0.0
3.44,-0.0010000590081726817,-0.00299697924943996,0.0004720023576631772,0.00042083875738906226,0.0,0.0,0.0,0.0
3.45,-0.0010425376050872154,-0.0028326418006118766,0.0005047394405108413,0.00042555878096569406,0.0,0.0,0.0,0.0
3.46,-0.0010850050187996851,-0.0026649106714612485,0.0005339914152834782,0.00043060617537080245,0.0,0.0,0.0,0.0
3.47,-0.0011274873027332323,-0.002494554229172269,0.0005598032685537903,0.00043594608952363725,0.0,0.0,0.0,0.0
3.48,-0.0011700083650565316,-0.0023223155255297605,0.0005822306239350877,0.00044154412220917517,0.0,0.0,0.0,0.0
3.49,-0.0012125899762579677,-0.002148910716151222,0.0006013390529280882,0.00044736642844852605,0.0,0.0,0.0,0.0
3.5,-0.001255251784277557,-0.001975027650692623,0.0006172033805583167,0.0004533798189778069,0.0,0.0,0.0,0.0
3.5100000000000002,-0.0012980113367965609,-0.0018013246314264716,0.0006299069885962807,0.00045955185278339007,0.0,0.0,0.0,0.0
3.52,-0.0013408841102766336,-0.0016284293370896837,0.0006395411190342969,0.0004658509226693529,0.0,0.0,0.0,0.0
3.5300000000000002,-0.0013838835453340967,-0.0014569379084320045,0.0006462041803710884,0.00047224633385969586,0.0,0.0,0.0,0.0
3.54,-0.0014270210880305073,-0.001287414191463376,0.000650001059128727,0.00047870837566340674,0.0,0.0,0.0,0.0
3.5500000000000003,-0.0014703062366579933,-0.001120389134000686,0.0006510424388967897,0.000485208386254694,0.0,0.0,0.0,0.0
3.56,-0.0015137465935968165,-0.0009563603307507077,0.0006494441290663612,0.0004917188106436619,0.0,0.0,0.0,0.0
3.5700000000000003,-0.0015573479218232043,-0.0007957917118364929,0.0006453264052823407,0.0004982132519343256,0.0,0.0,0.0,0.0
3.58,-0.0016011142056476099,-0.000639113369378696,0.0006388133635069892,0.000504666515987149,0.0,0.0,0.0,0.0
3.59,-0.001645047715267111,-0.0004867215164808123,0.0006300322894513394,0.0005110546496222189,0.0,0.0,0.0,0.0
3.6,-0.0016891490747205941,-0.00033897857273757756,0.0006191130449945209,0.0005173549725167323,0.0,0.0,0.0,0.0
3.61,-0.0017334173328415867,-0.00019621337018814008,0.0006061874730747465,0.0005235461029666776,0.0,0.0,0.0,0.0
3.62,-0.0017778500368110218,-5.8721473469348765e-05,0.0005913888224001489,0.000529607977697425,0.0,0.0,0.0,0.0
3.63,-0.0018224433079207776,7.323439221121447e-05,0.0005748511931933141,0.0005355218659214265,0.0,0.0,0.0,0.0
3.64,-0.0018671919191684222,0.00019942381176888725,0.0005567090050506671,0.0005412703778533597,0.0,0.0,0.0,0.0
3.65,-0.0019120893743141455,0.000319648056166053,0.0005370964878672464,0.0005468374679038664,0.0,0.0,0.0,0.0
3.66,-0.0019571279880422963,0.0004337393701802142,0.0005161471966492326,0.0005522084327825389,0.0,0.0,0.0,0.0
3.67,-0.002002298966882161,0.0005415601786525723,0.0004939935509112397,0.0005573699047490312,0.0,0.0,0.0,0.0
3.68,-0.0020475924905555614,0.0006430022178512913,0.000470766399233169,0.0005623098402581435,0.0,0.0,0.0,0.0
3.69,-0.0020929977934324197,0.0007379855985569369,0.00044659460943266744,0.0005670175042504752,0.0,0.0,0.0,0.0
3.7,-0.0021385032457895727,0.0008264578074278017,0.000421604684694204,0.0005714834503448018,0.0,0.0,0.0,0.0
3.71,-0.0021840964345827114,0.0009083926531311856,0.0003959204058847406,0.0005756994971917439,0.0,0.0,0.0,0.0
3.72,-0.002229764243456338,0.0009837891636344579,0.00036966250017914315,0.0005796587012505913,0.0,0.0,0.0,0.0
3.73,-0.0022754929317319625,0.0010526704409381572,0.0003429483360160649,0.0005833553262523827,0.0,0.0,0.0,0.0
3.74,-0.0023212682121303584,0.0011150824794037926,0.00031589164430720763,0.0005867848096125433,0.0,0.0,0.0,0.0
3.75,-0.0023670753269994745,0.001171092953682667,0.0002886022657297819,0.0005899437260556154,0.0,0.0,0.0,0.0
3.7600000000000002,-0.002412899122835504,0.0012207899820902838,0.0002611859238437669,0.0005928297487129132,0.0,0.0,0.0,0.0
3.77,-0.0024587241229005693,0.0012642808710949898,0.00023374402369232426,0.0005954416079513509,0.0,0.0,0.0,0.0
3.7800000000000002,-0.0025045345977564434,0.0013016908464007638,0.00020637347546551655,0.0005977790481882741,0.0,0.0,0.0,0.0
3.79,-0.002550314633549615,0.0013331617759037462,0.00017916654273439201,0.0005998427829429293,0.0,0.0,0.0,0.0
3.8000000000000003,-0.0025960481978987812,0.0013588508895914933,0.00015221071469454617,0.0006016344483702732,0.0,0.0,0.0,0.0
3.81,-0.0026417192032514654,0.0013789295012342727,0.00012558860179548133,0.0006031565555172187,0.0,0.0,0.0,0.0
3.8200000000000003,-0.002687311567591827,0.0013935817364902096,9.937785407445089e-05,0.0006044124415351735,0.0,0.0,0.0,0.0
3.83,-0.002732809272396859,0.0014030032718119483,7.36511014609721e-05,0.000605406220075918,0.0,0.0,0.0,0.0
3.84,-0.002778196417752978,0.0014074000883028698,4.847591527078125e-05,0.0006061427310905277,0.0,0.0,0.0,0.0
3.85,-0.0028234572745594513,0.0014069872444269368,2.39147900656284e-05,0.0006066274902432355,0.0,0.0,0.0,0.0
3.86,-0.0028685763337591946,0.0014019876712290128,2.5145017893558045e-08,0.0006068666381438919,0.0,0.0,0.0,0.0
3.87,-0.0029135383525511096,0.0013926309934730967,-2.3140656113536757e-05,0.0006068668895940708,0.0,0.0,0.0,0.0
3.88,-0.002958328397551322,0.0013791523798553122,-4.553526731746628e-05,0.0006066354830329354,0.0,0.0,0.0,0.0
3.89,-0.003002931884883398,0.0013617914251977167,-6.711630591911023e-05,0.0006061801303597607,0.0,0.0,0.0,0.0
3.9,-0.003047334617189824,0.0013407910672789264,-8.784628238638146e-05,0.0006055089673005697,0.0,0.0,0.0,0.0
3.91,-0.0030915228175687104,0.0013163965407091214,-0.00010769251533098105,0.0006046305044767058,0.0,0.0,0.0,0.0
3.92,-0.0031354831604508103,0.0012888543700110145,-0.0001266270326914893,0.0006035535793233961,0.0,0.0,0.0,0.0
3.93,-0.003179202799442522,0.001258411403825641,-0.00014462646009152374,0.0006022873089964811,0.0,0.0,0.0,0.0
3.94,-0.003222669392170532,0.0012253138919230955,-0.00016167189736797976,0.0006008410443955659,0.0,0.0,0.0,0.0
3.95,-0.0032658711221731592,0.0011898066064643083,-0.00017774878426256958,0.000599224325421886,0.0,0.0,0.0,0.0
3.96,-0.003308796717892283,0.0011521320087312561,-0.000192846756264501,0.0005974468375792604,0.0,0.0,0.0,0.0
3.97,-0.0033514354688279446,0.0011125294623202456,-0.00020695949158337556,0.0005955183700166154,0.0,0.0,0.0,0.0
3.98,-0.0033937772389253207,0.0010712344935766408,-0.00022008455021941883,0.0005934487751007816,0.0,0.0,0.0,0.0
3.99,-0.003435812477270783,0.0010284780998401249,-0.0002322232060831757,0.0005912479295985875,0.0,0.0,0.0,0.0
4.0,-0.003477532226180155,0.0009844861058677427,-0.0002433802730990041,0.0005889256975377558,0.0,0.0,0.0,0.0
4.01,-0.0035189281267680905,0.0009394785686079804,-0.00025356392620627205,0.0005864918948067658,0.0,0.011519173063162576,0.0010471975511965978,0.0
4.0200000000000005,-0.0035599924220927137,0.000893669230313335,-0.0002627855181493042,0.0005839562555447031,-0.00020943951023931956,0.0225629184380819,0.0020310396505458014,0.00011519173063162577
4.03,-0.0036007179579742956,0.000847265019801543,-0.0002710593929220267,0.00058132840036321,-0.0006027763352467225,0.03315111612306988,0.002953399210867926,0.00034082091501244475
4.04,-0.0036410981815907916,0.0008004656015071253,-0.00027840269670612104,0.0005786178064339897,-0.0011555008231432366,0.04330277505542096,0.003816137989187774,0.0006723320762431436
4.05,-0.0036811271379565717,0.000753462971805387,-0.0002848351871125055,0.0005758337794669285,-0.0018441063881277648,0.05303607167181565,0.004621106617720424,0.0011053598267973532
4.0600000000000005,-0.0037207994643936103,0.0007064411019406688,-0.00029037904150531715,0.0005729854275958034,-0.002646061114752071,0.062368386790479985,0.005370144581586885,0.0016357205435155097
4.07,-0.0037601103831068124,0.0006595756267496067,-0.00029505866515544543,0.0005700816371807503,-0.003539780387389936,0.0713163408873246,0.006065080146840204,0.0022594044114203097
4.08,-0.003799055691977046,0.0006130335782385235,-0.00029890049993726525,0.0005671310505291959,-0.00450460049109222,0.07989582783516903,0.006707730242249893,0.002972567820293556
4.09,-0.003837631753686827,0.0005669731629519008,-0.00030193283424770746,0.0005641420455298232,-0.005520753132688209,0.0881220471721747,0.007299900298164071,0.0037715260986452464
4.1,-0.003875835483294505,0.0005215435819561772,-0.0003041856147913695,0.0005611227171873461,-0.006569340833548763,0.09600953496275663,0.007843384045644379,0.004652746570366993
4.11,-0.003913664334373225,0.00047688489215988515,-0.00030569026083917915,0.0005580808610394324,-0.007632313147873021,0.10357219331151568,0.008339963278948329,0.00561284191999456
4.12,-0.003951116283830938,0.00043312790759730433,-0.000306479481531347,0.0005550239584310407,-0.008692443662702172,0.11082331858812193,0.008791407584317129,0.006648563853109717
4.13,-0.003988189815527258,0.0003903941392183081,-0.00030658709675814293,0.0005519591636157272,-0.009733307738105268,0.11777562841858333,0.009199474037914013,0.0077567970389909365
4.14,-0.004024883902802153,0.00034879577165178587,-0.00030604786211456235,0.0005488932926481458,-0.01073926094812727,0.12444128749594492,0.009565906875648582,0.00893455332317677
4.15,-0.004061197990030194,0.000308435675343801,-0.0003048972983873584,0.0005458328140270002,-0.01169541818514239,0.13083193226117926,0.009892437137516495,0.010178966198136219
4.16,-0.004097131973312497,0.00026940745241432084,-0.00030317152599535635,0.0005427838410431267,-0.012587633392219959,0.13695869450284273,0.010180782288980833,0.01148728552074801
4.17,-0.00413268618041657,0.0002317955145277363,-0.0003009071047665646,0.000539752125783173,-0.013402479889989096,0.1428322239219822,0.010432645821821584,0.012856872465776438
4.18,-0.004167861350071999,0.0001956751910322569,-0.000298140879398489,0.0005367430547355074,-0.014127231266285827,0.14846270970677608,0.01064971683678271,0.01428519470499626
4.19,-0.004202658610727392,0.00016111286559138572,-0.00029490983091136726,0.0005337616459415225,-0.014749842798585091,0.1538599011594809,0.010833669610252212,0.015769821802064023
4.2,-0.004237079458871136,0.0001281661395067849,-0.00029125093436787913,0.0005308125476324088,-0.015258933380863666,0.15903312741642445,0.010986163147119195,0.017308420813658833
4.21,-0.004271125737015504,9.688401991566454e-05,-0.00028720102309736924,0.00052790003828873,-0.015643767928111094,0.14095297017371072,0.009014445619470035,0.018898752087823077
4.22,-0.004304799611440315,6.730713103707026e-05,-0.00028279665962784343,0.0005250280280577563,-0.015475361212728824,0.12361717546406428,0.007141250108753534,0.020308281789560186
4.23,-0.004338103549788865,3.94679466398053e-05,-0.00027807401349505854,0.0005222000614614778,-0.01479530358182821,0.1069941617547065,0.005364441188948687,0.02154445354420083
4.24,-0.004371040298605171,1.3391041909879732e-05,-0.00027306874606500834,0.0005194193213265273,-0.013643716150068135,0.09105374003452149,0.003681888587152674,0.022614395161747892
4.25,-0.004403612860897723,-1.090663709299322e-05,-0.00026781590247409385,0.0005166886338658772,-0.01205929383100569,0.07576705243090637,0.0020914666344933157,0.023524932562093107
4.26,-0.004435824473810962,-3.341548818257507e-05,-0.0002623498107603267,0.0005140104748411362,-0.010079346569830477,0.061106513486383685,0.0005910538208455066,0.02428260308640217
4.2700000000000005,-0.0044676785864816,-5.413295376612961e-05,-0.0002567039882291131,0.000511386976733533,-0.007739838871949797,0.04704575398049942,-0.0008214675522363294,0.024893668221266006
4.28,-0.004499178838152716,-7.306320927749231e-05,-0.00025091105506856373,0.0005088199368512419,-0.0050754277174567125,0.033559567187481876,-0.002148211625764931,0.025364125761071
4.29,-0.004530329036614281,-9.02168410293087e-05,-0.00024500265520191916,0.0005063108263005562,-0.0021194989472617357,0.020623857464873857,-0.0033912891499550237,0.025699721432945816
4.3,-0.004561133137034438,-0.0001056105151517771,-0.0002390093843386183,0.000503860799748537,0.001095797797405717,0.00821559107288146,-0.004552807568275356,0.025905960007594556
4.3100000000000005,-0.004591595221241498,-0.00011926663924207237,-0.00023296072516080165,0.0005014707059051508,0.004539515504325272,-0.003687250871483151,-0.005634871023773161,0.02598811591832337
4.32,-0.0046217194775122145,-0.0001312130183014587,-0.00022688498955866784,0.0004991410986535428,0.008181877514384987,-0.01510571739724227,-0.006639580292358088,0.02595124340960854
4.33,-0.004651510180917518,-0.00014148250648627614,-0.00022080926780610865,0.0004968722487579562,0.011994246469981314,-0.026059930727088305,-0.007569032647570027,0.025800186235636118
4.34,-0.004680971674272495,-0.00015011265614486345,-0.00021475938454745908,0.0004946641560798951,0.015949094420686365,-0.03656912745383369,-0.008425321661197794,0.025539586928365235
4.3500000000000005,-0.004710108349733049,-0.00015714536555540566,-0.0002087598614470211,0.0004925165622344205,0.020019974022443404,-0.04665169792606621,-0.009210536943963293,0.025173895653826897
4.36,-0.004738924631077367,-0.00016262652672001501,-0.00020283388633526224,0.0004904289636199503,0.024181490769708158,-0.0563252239199306,-0.009926763830338099,0.024707378674566235
4.37,-0.004767424956706055,-0.00016660567450840557,-0.00019700328866925333,0.0004884006247565977,0.028409276202977916,-0.06560651467063822,-0.010576083011416444,0.02414412643536693
4.38,-0.0047956137633906265,-0.00016913563838063733,-0.000191288521109987,0.00048643059186990524,0.032679962037048364,-0.07451164133413127,-0.0111605701196299,0.023488061288660548
4.39,-0.004823495470795909,-0.00017027219785290695,-0.0001857086470057028,0.0004845177066588054,0.03697115515811408,-0.08305596994629147,-0.01168229526895463,0.022742944875319235
4.4,-0.0048510744667979305,-0.0001700737428035651,-0.00018028133355822102,0.00048266062018874833,0.04126141344048797,-0.09125419294417766,-0.012143322554131654,0.02191238517585632
4.41,-0.004878355093614942,-0.00016860093964874892,-0.00017502285043853453,0.0004808578068531661,0.045530222336262145,-0.08760118624783624,-0.011498511961097411,0.020999843246414542
4.42,-0.004905341634765423,-0.0001659164043485275,-0.00016994807360850743,0.00047910757834878075,0.04954853268343293,-0.08410498496578842,-0.010860466899725987,0.02012383138393618
4.43,-0.004932038302863251,-0.00016208438313555196,-0.00016507049409744977,0.00047740809761269567,0.053323159927016514,-0.08075855639778998,-0.010229357129858811,0.019282781534278294
4.44,-0.004958449228256674,-0.00015717044178915258,-0.00016040223147555175,0.0004757573926717212,0.05686074852204835,-0.0775551782059757,-0.009605355200964307,0.018475195970300395
4.45,-0.004984578448514312,-0.00015124116420889402,-0.00015595405176063279,0.0004741533703569657,0.06016778067301232,-0.07448842505997653,-0.008988635763940241,0.01769964418824064
4.46,-0.005010429898758146,-0.00014436386097303362,-0.00015173538949035437,0.0004725938298393594,0.06325058456561918,-0.07155215585491506,-0.008379374913787941,0.016954759937640874
4.47,-0.005036007402840354,-0.00013660628849936378,-0.0001477543736889215,0.00047107647594445584,0.06611534211401719,-0.06874050147745017,-0.007777749562284771,0.016239238379091723
4.48,-0.005061314665357875,-0.00012803637935877895,-0.00014401785745531172,0.0004695989322075666,0.06876809624560791,-0.06604785309612357,-0.007183936839810236,0.015551833364317222
4.49,-0.005086355264495779,-0.00011872198422580181,-0.00014053145089918087,0.0004681587536330135,0.07121475774476742,-0.06346885095329607,-0.006598113525508775,0.014891354833355986
4.5,-0.0051111326456879025,-0.00010873062588542569,-0.00013729955715075176,0.0004667534391240217,0.07346111167593564,-0.06099837363695124,-0.006020455504998371,0.014256666323823025
4.51,-0.005135650116080673,-9.812926565216679e-05,-0.00013432541117215058,0.00046538044355251416,0.07551282340573283,-0.05863152781159115,-0.00545113725485898,0.013646682587453513
4.5200000000000005,-0.0051599108397838095,-8.69840824953367e-05,-0.00013161112109976212,0.00046403718944079263,0.07737544424299082,-0.05636363838835466,-0.004890331353158213,0.013060367309337602
4.53,-0.0051839178338893505,-7.536026510440038e-05,-0.00012915771185018296,0.000462721078229795,0.07905441671484606,-0.05419023911535501,-0.004338208015294084,0.012496730925454055
4.54,-0.005207673965238546,-6.332181707001912e-05,-0.00012696517072620432,0.0004614295011112932,0.08055507949633058,-0.052107063570062145,-0.0037949346544556986,0.011954828534300504
4.55,-0.0052311819479142875,-5.093137530011977e-05,-0.0001250324947639046,0.0004601598494040312,0.08188267201021411,-0.050110036536347845,-0.0032606754660228503,0.011433757898599883
4.5600000000000005,-0.005254444341435123,-3.8250041736198165e-05,-0.00012335773956732054,0.0004589095244563921,0.08304233871319472,-0.048195265749569845,-0.002735591035244484,0.010932657533236405
4.57,-0.0052774635496253925,-2.5337228383156257e-05,-0.00012193806938324206,0.0004576759470607189,0.08403913308390515,-0.046359033993796255,-0.002219837967554022,0.010450704875740706
4.58,-0.005300241820134712,-1.225051561638064e-05,-0.00012076980817538505,0.0004564565663668865,0.08487802132759682,-0.044597791535965055,-0.0017135685408966577,0.009987114535802743
4.59,-0.005322781244578847,9.544763174293206e-07,-0.00011984849146448773,0.00045524886828513265,0.08556388581178143,-0.04290814888243689,-0.0012169303794599684,0.009541136620443091
4.6000000000000005,-0.0053450837592730165,1.4224202733917685e-05,-0.00011916891870869165,0.00045405038337048776,0.08610152824655053,-0.04128686984403378,-0.0007300661482145939,0.009112055131618722
4.61,-0.005367151146527794,2.75072970496782e-05,-0.00011872520600686052,0.00045285869418340086,0.08649567262275612,-0.03973086489626318,-0.000253113267686392,0.008699186433178385
4.62,-0.00538898503647708,4.075466063595741e-05,-0.00011851083891620234,0.00045167144212333225,0.08675096792071753,-0.03823718482200713,0.00021379635160463222,0.008301877784215752
4.63,-0.00541058690940703,5.391954023470139e-05,-0.00011851872518464455,0.00045048633373417023,0.08687199060162279,-0.03680301462451143,0.0006705365555900933,0.00791950593599568
4.64,-0.0054319580985544205,6.695759321869296e-05,-0.00011874124720781588,0.00044930114648232376,0.08686324689331378,-0.03542566769904047,0.001116987174522592,0.007551475789750566
4.65,-0.005453099793342614,7.982694100941818e-05,-0.00011917031403016399,0.0004481137340102456,0.08672917488168394,-0.03410258025207122,0.0015530342327956226,0.007197219112760162
4.66,-0.005474013043023163,9.24882109955859e-05,-0.00011979741271963668,0.00044692203086994396,0.08647414641847395,-0.03283130595738523,0.0019785701412295647,0.00685619331023945
4.67,-0.0054946987606910155,0.00010490456732191339,-0.00012061365895543002,0.0004457240567427476,0.08610246885582397,-0.031609510838882166,0.002393493872328453,0.0065278802506655974
4.68,-0.005515157727641397,0.00011704173094190431,-0.00012160984667851314,0.0004445179201531933,0.08561838661752989,-0.030434968370382134,0.0027977111190018627,0.0062117851422767755
4.69,-0.005535390598036636,0.00012886798934991147,-0.000122776496664935,0.00044330182168640815,0.08502608261655539,-0.02930555478310913,0.003191134437236363,0.005907435458572954
4.7,-0.005555397903851489,0.00014035419642683278,-0.00012410390389225876,0.0004420740567197588,0.08432967952796996,-0.028219244571953767,0.003573683373191552,0.005614379910741862
4.71,-0.005575180060065953,0.00015147376285037798,-0.00012558218357981718,0.00044083301768083625,0.08353324092611565,-0.027174106192002116,0.003945284575186649,0.005332187465022325
4.72,-0.0055947373700750355,0.00016220263753501826,-0.00012720131579379613,0.00043957719584503807,0.08264077229445115,-0.026168297937188764,0.004305871891034965,0.005060446403102304
4.73,-0.005614070031285555,0.00017251928057854889,-0.00012895118851840014,0.0004383051826871001,0.0816562219161801,-0.025200063993287457,0.004655386451175304,0.004798763423730416
4.74,-0.00563317814087072,0.0001824046282017182,-0.00013082163910449522,0.0004370156708019161,0.08058348165344165,-0.024267730657792343,0.004993776738041338,0.004546762783797542
4.75,-0.0056520617016539675,0.00019184205017467812,-0.00013280249401713135,0.00043570745441087115,0.0794263876225231,-0.023369702719567616,0.005320998642102399,0.004304085477219618
4.76,-0.005670720628094413,0.00020081730022916138,-0.00013488360681318618,0.0004343794294706998,0.07818872077224895,-0.022504459991454003,0.005637015505001719,0.004070388450023942
4.7700000000000005,-0.00568915475234708,0.00020931845995837264,-0.00013705489429001618,0.00043303059340256796,0.07687420737240408,-0.02167055398931742,0.0059417981502110665,0.003845343850109402
4.78,-0.005707363830372089,0.00021733587670767313,-0.00013930637075542404,0.0004316600444596678,0.07548651941876457,-0.020866604751309206,0.006235324901613869,0.0036286383102162277
4.79,-0.005725347548067946,0.0002248620959583318,-0.00014162818037842715,0.0004302669807521136,0.07402927496103327,-0.02009129779137884,0.006517581590422252,0.0034199722627031356
4.8,-0.005743105527405118,0.00023189178870399702,-0.0001440106275892193,0.0004288506989483293,0.07250603835971225,-0.019343381181339617,0.006788561550827021,0.0032190592847893473
4.8100000000000005,-0.00576063733253718,0.00023842167431520505,-0.00014644420550533567,0.00042741059267243714,0.07092032047768684,-0.01862166275603616,0.0070482656047733665,0.003025625472975951
4.82,-0.005777942475867923,0.00024445043938127887,-0.00014891962236934054,0.00042594615061738376,0.06927557881204846,-0.01792500743639983,0.007296702036248975,0.0028394088454155894
4.83,-0.0057950204240539566,0.00024997865301147935,-0.0001514278259913428,0.00042445695439369036,0.06757521757144357,-0.017252334665405142,0.007533886555465373,0.002660158771051591
4.84,-0.00581187060392353,0.00025500867906834743,-0.0001539600261972901,0.00042294267613377694,0.06582258770400483,-0.01660261595215729,0.007759842253307527,0.00248763542439754
4.8500000000000005,-0.005828492408293452,0.00025954458579591883,-0.00015650771529128712,0.00042140307587180406,0.06402098688069668,-0.015974872519548235,0.007974599546421074,0.002321609264875967
4.86,-0.005844885201667211,0.00026359205329400126,-0.00015906268654711456,0.00041983799871889117,0.062173659438691575,-0.015368173051117234,0.008178196113301096,0.002161860539680485
4.87,-0.005861048325798602,0.0002671582792770748,-0.00016161705075068598,0.00041824737185342,0.06028379628918382,-0.014781631532941285,0.008370676821740872,0.0020081788091693125
4.88,-0.00587698110510637,0.00027025188354270926,-0.00016416325082136074,0.0004166312013459132,0.05835453479384628,-0.014214405186562192,0.008552093647993763,0.0018603624938398997
4.89,-0.00589268285192658,0.0002728828115597848,-0.00016669407454582782,0.0004149895688376996,0.056388958613939374,-0.013665692489130323,0.008722505587996143,0.0017182184419742778
4.9,-0.00590815287159066,0.0002750622375713498,-0.0001692026654636846,0.00041332262809224134,0.05439009753589328,-0.01313473127711076,0.008881978560994111,0.0015815615170829745
4.91,-0.0059233904673181995,0.00027680246759074914,-0.00017168253194885268,0.0004116306014376045,0.0523609272770011,-0.012620796930055942,0.009030585305911635,0.001450214204311867
4.92,-0.005938394944914828,0.00027811684265280026,-0.0001741275545356005,0.000409913776118116,0.050304369274684256,-0.012123200631100301,0.00916840527079274,0.0013240062350113075
4.93,-0.005953165617266598,0.00027901964266437515,-0.0001765319915421795,0.00040817250057276,0.04822329046262019,-0.011641287700977115,0.009295524495645344,0.0012027742287003046
4.94,-0.00596770180862347,0.00027952599118085357,-0.0001788904830489296,0.0004064071806573382,0.04612050303685697,-0.011174436002496154,0.009412035489009412,0.0010863613516905333
4.95,-0.005982002858665611,0.000279651761416634,-0.00018119805329117454,0.0004046182758268489,0.0439987642148795,-0.010722054412552954,0.00951803709856716,0.0009746169916655718
4.96,-0.005996068126347279,0.00027941348377930904,-0.0001834501115303123,0.00040280629529393716,0.04186077599043686,-0.010283581358866952,0.009613634376108156,0.0008673964475400422
4.97,-0.006009896993514153,0.00027882825519831203,-0.00018564245146921647,0.00040097179417863406,0.03970918488679063,-0.009858483418766549,0.009698938437157316,0.0007645606339513727
4.98,-0.00602348886829096,0.00027791365049990326,-0.00018777124928040932,0.0003991153696639419,0.03754658171089886,-0.009446253977454676,0.0097740663155689,0.0006659757997637072
4.99,-0.006036843188237271,0.0002766876360613601,-0.00018983306031745184,0.0003972376571711378,0.03537550131091016,-0.009046411943298827,0.009839140813384807,0.0005715132599891604
5.0,-0.006049959423270253,0.0002751684859582421,-0.0001918248145816329,0.0003953393265679633,0.033198422339206314,-0.008658500517795018,0.009894290346250625,0.00048104914055617206
5.01,-0.00606283707835411,0.0002733747007996842,-0.00019374381101733507,0.00039342107842214695,0.031017767023100704,-0.008282086017956035,0.009939648784678056,0.00039446413537822184
5.0200000000000005,-0.006075475695956796,0.00027132492942790257,-0.00019558771071042185,0.0003914836403119736,0.02883590094517244,-0.007916756748970659,0.009975355291437496,0.0003116432751986615
5.03,-0.006087874858275412,0.0002690378936395298,-0.00019735452906464093,0.0003895277632048694,0.02665513283509314,-0.007562121925072736,0.010001554155359757,0.00023247570770895491
5.04,-0.006100034189232502,0.00026653231606809936,-0.0001990426270313814,0.000387554217914223,0.024477714374684236,-0.007217810636646989,0.010018394621821036,0.00015685448845822753
5.05,-0.006111953356246188,0.0002638268513490205,-0.0002006507014681745,0.0003855637916439092,0.02230584001782765,-0.006883470861682616,0.010026030720180394,8.467638209175763e-05
5.0600000000000005,-0.006123632071777793,0.0002609400206707795,-0.00020217777470109855,0.00038355728462922744,0.020141646826741064,-0.0065587685197661585,0.010024621088434195,1.5841673474931476e-05
5.07,-0.006135070094661246,0.000257890149798918,-0.00020362318336575376,0.00038153550688221644,0.01798721432602156,-0.0062433865668819885,0.01001432879534701,-4.974601172273011e-05
5.08,-0.006146267231219176,0.0002546953106426187,-0.0002049865666007265,0.0003794992750485589,0.015844564375756993,-0.005937024129362212,0.009995321160313682,-0.00011217987739155
5.09,-0.006157223336171163,0.00025137326641751266,-0.00020626785366647634,0.00037744940938255165,0.013715661064903968,-0.005639395675398003,0.009967769571202293,-0.00017155011868517212
5.1000000000000005,-0.006167938313340121,0.00024794142044264777,-0.00020746725106137202,0.00037538673084588686,0.011602410626033715,-0.005350230222591477,0.009931849300422893,-0.00022794407543915216
5.11,-0.006178412116163277,0.0002444167685944586,-0.0002085852292051847,0.00037331205833527313,0.009506661372453302,-0.005069270580091319,0.0098877393194619,-0.00028144637766506695
5.12,-0.006188644748014612,0.00024081585542608095,-0.00020962250875873527,0.0003712262060432213,0.00743020365861858,-0.004796272623916694,0.009835622112117146,-0.0003321390834659801
5.13,-0.006198636262346024,0.00023715473394648846,-0.00021058004664660225,0.00036912998095563394,0.005374769864667499,-0.004531004604132493,0.00977568348666358,-0.00038010180970514705
5.14,-0.006208386762654815,0.0002334489290407139,-0.00021145902184784097,0.0003670241804891679,0.0033420344058177017,-0.004273246482594955,0.009708112387174624,-0.000425411855746472
5.15,-0.006217896402285379,0.00022971340449987442,-0.0002122608210175599,0.0003649095902706895,0.0013336137672904152,-0.004022789300040205,0.009633100704219235,-0.00046814432057242156
5.16,-0.006227165384073236,0.00022596253361786272,-0.00021298702399995896,0.0003627869820605139,-0.000648933434656265,-0.0037794345713393434,0.009550843085149667,-0.0005083722135728236
5.17,-0.006236193959839752,0.00022221007330040847,-0.0002136393892910736,0.0003606571118205143,-0.0026041063650777702,-0.003542993707792581,0.009461536744189897,-0.000546166559286217
5.18,-0.006244982429746077,0.00021846914162176344,-0.00021421983950699975,0.00035852071792760357,-0.004530461855643644,-0.003313287465381618,0.009365381272529675,-0.0005815964963641428
5.19,-0.006253531141514922,0.000214752198754529,-0.00021473044691081413,0.00035637851953253355,-0.006426614262525574,-0.0030901454179440655,0.009262578448624041,-0.000614729371017959
5.2,-0.006261840489528943,0.0002110710311891255,-0.00021517341904876399,0.0003542312150634254,-0.008291235296578301,-0.002873405454276371,0.00915333204889312,-0.0006456308251973997
5.21,-0.006269910913814503,0.00020743673915110368,-0.0002155510845435945,0.00035207948087293776,-0.010123053825584453,-0.002662913298212462,0.009037847659011911,-0.0006743648797401634
5.22,-0.0062777428989196455,0.00020385972711691312,-0.0002158658790901232,0.0003499239700275018,-0.011920855648397462,-0.002458522050764274,0.008916332485974671,-0.000700994012722288
5.23,-0.00628533697269507,0.00020034969732187082,-0.00021612033169537173,0.0003477653112366006,-0.01368348324087747,-0.002260091753447582,0.008788995171113442,-0.0007255792332299308
5.24,-0.0062926937049868825,0.0001969156461479027,-0.00021631705120273785,0.0003456041079196469,-0.015409835473573434,-0.0020674889719521214,0.008656045604245098,-0.0007481801507644066
5.25,-0.006299813706249789,0.00019356586327315734,-0.00021645871313684712,0.00034344093740761955,-0.017098867301160642,-0.0018805863993490246,0.008517694739116208,-0.0007688550404839278
5.26,-0.006306697626089336,0.00019030793346080013,-0.00021654804690287424,0.0003412763502762511,-0.01874958942369665,-0.0016992624780611146,0.008374154410309906,-0.000787660904477418
5.2700000000000005,-0.0063133461517416315,0.00018714874086017382,-0.00021658782337128084,0.00033911086980722234,-0.02036106791981014,-0.0015234010398526752,0.008225637151773789,-0.0008046535292580291
5.28,-0.006319760006498857,0.00018409447569004542,-0.0002165808428760885,0.00033694499157350954,-0.021932423851986536,-0.0013528909631250522,0.008072356017122796,-0.0008198875396565559
5.29,-0.0063259399480886805,0.00018115064317082876,-0.00021652992365200316,0.00033477918314474866,-0.023462832844161504,-0.0011876258468328446,0.007914524401865868,-0.0008334164492878064
5.3,-0.006331886767015501,0.00017832207457046148,-0.00021643789073293927,0.0003326138839082286,-0.0249515246318786,-0.0010275037003626153,0.007752355867700102,-0.0008452927077561348
5.3100000000000005,-0.006337601284871206,0.00017561294022700244,-0.0002163075653317669,0.00033044950500089925,-0.02639778258531041,-0.0008724266487420274,0.007586063969010969,-0.000855567744759761
5.32,-0.006343084352622926,0.00017302676440998044,-0.00021614175471843157,0.0003282864293475816,-0.027800943205483708,-0.0007223006525721536,0.007415862081712121,-0.0008642920112471813
5.33,-0.00634833684888497,0.000170566441882045,-0.00021594324261098164,0.0003261250118003973,-0.029160395594088354,-0.0005770352420994587,0.007241963234553164,-0.0008715150177729028
5.34,-0.006353359678181884,0.00016823425602252053,-0.00021571478009148833,0.0003239655793742875,-0.030475580897286844,-0.0004365432648666794,0.007064579943018763,-0.0008772853701938975
5.3500000000000005,-0.006358153769209297,0.0001660318983750231,-0.00021545907705636667,0.0003218084315733726,-0.03174599172397697,-0.00030074064640355506,0.006883924045937341,-0.0008816508028425642
5.36,-0.006362720073098891,0.00016396048948233937,-0.0002151787942082059,0.0003196538408028089,-0.03297117153899347,-0.00016954616343915305,0.006700206544912612,-0.0008846582093065998
5.37,-0.006367059561693563,0.0001620206008732613,-0.00021487653559390185,0.00031750205286072686,-0.03415071403176652,-4.2881229137420773e-05,0.0065136374466861855,-0.0008863536709409913
5.38,-0.006371173225838515,0.00016021227806799738,-0.00021455484169165492,0.00031535328750478787,-0.03528426246098482,7.933031012337345e-05,0.006324425608534455,-0.0008867824832323655
5.39,-0.006375062073693691,0.00015853506447110807,-0.0002142161830472618,0.00031320773908787133,-0.03637150897583942,0.00019716236688843702,0.006132778586798039,-0.0008859891801311318
5.4,-0.006378727129072649,0.0001569880260236183,-0.00021386295445808748,0.0003110655772573987,-0.037412193914451095,0.00031068679412518587,0.005938902488637087,-0.0008840175564622474
5.41,-0.0063821694298126525,0.00015556977648901335,-0.00021349746970116345,0.00030892694771281784,-0.038406105080109075,0.0004199735565099269,0.005743001827100861,-0.0008809106885209956
5.42,-0.006385390026180386,0.00015427850325119995,-0.0002131219568000169,0.0003067919730158062,-0.03935307699597234,0.000525090891913535,0.005545279379595117,-0.0008767109529558963
5.43,-0.006388389979317427,0.00015311199350618408,-0.00021273855382310022,0.00030466075344780604,-0.04025299013890654,0.0006261054634818721,0.005345936049825968,-0.000871460044036761
5.44,-0.006391170359729212,0.00015206766073315616,-0.00021234930520505797,0.00030253336790957505,-0.041105770153149944,0.0007230825026920543,0.005145170733294115,-0.0008651989894019423
5.45,-0.006393732245820959,0.00015114257133485277,-0.00021195615858054487,0.0003004098748575245,-0.04191138704452047,0.0008160859437516409,0.004943180186408544,-0.0008579681643750217
5.46,-0.006396076722483632,0.0001503334713414586,-0.00021156096211889032,0.00029829031327171905,-0.04266985435589347,0.0009051785496943813,0.004740158899284096,-0.0008498073049375053
5.47,-0.006398204879732742,0.0001496368130768953,-0.00021116546234659582,0.00029617470365053016,-0.04338122832469545,0.0009904220305132772,0.004536298972282594,-0.0008407555194405615
5.48,-0.006400117811402443,0.00014904878169109053,-0.00021077130244344939,0.0002940630490270642,-0.04404560702317387,0.0010718771536593712,0.004331789996352623,-0.0008308512991354287
5.49,-0.006401816613897064,0.00014856532146670484,-0.00021038002099694594,0.00029195533600262974,-0.04466312948221578,0.0011496038472228463,0.004126818937218439,-0.0008201325275988351
5.5,-0.006403302385001914,0.0001481821618137943,-0.0002099930511987139,0.0002898515357926603,-0.045233974799500296,0.0012236612961016658,0.003921570023463976,-0.0008086364891266066
5.51,-0.006404576222754901,0.00014789484287097525,-0.00020961172046576467,0.0002877516052806731,-0.04575836123278016,0.0012941080314521083,0.0037162246385534165,-0.0007963998761655899
5.5200000000000005,-0.006405639224380196,0.00014769874063681615,-0.00020923725046860083,0.0002856554880760155,-0.04623654527909684,0.0013610020137051074,0.0035109612168253953,-0.0007834587958510688
5.53,-0.00640649248528491,0.00014758909156038422,-0.00020887075754754075,0.0002835631155713295,-0.04666882074074168,0.0014244007094222897,0.0033059551434935063,-0.0007698487757140177
5.54,-0.006407137098119452,0.00014756101652510238,-0.00020851325349803803,0.0002814744079958541,-0.04705551777878237,0.001484361162255985,0.0031013786586815096,-0.0007556047686197948
5.55,-0.006407574151901999,0.0001476095441653038,-0.00020816564670529179,0.00027938927546087373,-0.04739700195497941,0.0015409400582682504,0.0028974007655173622,-0.0007407611569972349
5.5600000000000005,-0.0064078047312072246,0.00014772963346008805,-0.00020782874360805682,0.0002773076189938208,-0.04769367326292197,0.0015941937858550816,0.0026941871423060305,-0.0007253517564145525
5.57,-0.00640782991541922,0.0001479161955542654,-0.0002075032504712662,0.00027522933155774024,-0.04794596514921553,0.0016441784905134604,0.0024919000587969183,-0.0007094098185560017
5.58,-0.006407650778048276,0.00014816411476130712,-0.00020718977544687147,0.0002731542990530276,-0.04815434352555614,0.0016909501246807014,0.0022906982965576993,-0.0006929680336508671
5.59,-0.006407268386111005,0.00014846826870828331,-0.00020688883090218347,0.00027108240129855885,-0.04831930577252716,0.0017345644928676858,0.0020907370734623565,-0.0006760585324040601
5.6000000000000005,-0.0064066837995730526,0.0001488235475877497,-0.00020660083599495624,0.000269013512989537,-0.04844137973595452,0.0017750772922999962,0.001892167972297329,-0.0006587128874753832
5.61,-0.006405898070853461,0.00014922487248642707,-0.0002063261194744941,0.00026694750462958743,-0.04852112271665566,0.001812544149273684,0.0016951388734858183,-0.0006409621145523832
5.62,-0.006404912244389564,0.00014966721276528751,-0.00020606492268817461,0.0002648842434348425,-0.048559120454415496,0.0018470206514253872,0.0014997938919265527,-0.0006228366730596464
5.63,-0.006403727356261108,0.0001501456024703085,-0.00020581740277296245,0.00026282359420796075,-0.04855598610701984,0.0018785623761097643,0.0013062733179396114,-0.0006043664665453925
5.64,-0.0064023444338721655,0.0001506551557576673,-0.00020558363601173984,0.00026076542018023115,-0.04851235922517322,0.0019072249150707107,0.001114713562308303,-0.0005855808427842949
5.65,-0.0064007644956892195,0.00015119108132151347,-0.00020536362133459106,0.00025870958382011376,-0.04842890472412322,0.0019330638955865538,0.0009252471054025559,-0.0005665085936335878
5.66,-0.006398988551033699,0.000151748695816668,-0.00020515728394555059,0.00025665594760676785,-0.048306311852808266,0.0019561349982633856,0.0007380024503658241,-0.0005471779546777222
5.67,-0.006397017599927111,0.00015232343627264377,-0.00020496447905575036,0.00025460437476731236,-0.04814529316133925,0.0019764939716448663,0.0005531040803441414,-0.0005276166046950883
5.68,-0.0063948526329868,0.00015291087149925796,-0.00020478499570437888,0.0002525547299767549,-0.047946583467618625,0.0019941966438012135,0.0003706724197326568,-0.0005078516649786397
5.69,-0.006392494631370276,0.00015350671248780536,-0.00020461856064938816,0.0002505068800197111,-0.04771093882389242,0.002009298931054661,0.00019082379941178418,-0.00048790969854062754
5.7,-0.006389944566765976,0.00015410682181527573,-0.0002044648423104514,0.0002484606944132172,-0.04743913548402242,0.0020218568439934444,1.3670425941966373e-05,-0.00046781670923008094
5.71,-0.006387203401428228,0.0001547072220624265,-0.00020432345474727853,0.00024641604599011266,-0.04713196887225612,0.0020319264909213004,-0.00016067964531698406,-0.0004475981407901465
5.72,-0.006384272088254147,0.0001553041032596574,-0.00020419396165703645,0.0002443728114426399,-0.046790252554262314,0.0020395640788845822,-0.0003321225331989592,-0.0004272788758809335
5.73,-0.006381151570900135,0.00015589382937757632,-0.00020407588037529118,0.00024233087182606953,-0.04641481721118947,0.002044825912414363,-0.0005005585498769075,-0.00040688323509208764
5.74,-0.0063778427839356125,0.00015647294388188994,-0.00020396868586558553,0.00024029011302231662,-0.046006509617492704,0.0020477683901163235,-0.0006658922162031051,-0.000386434975967944
5.75,-0.006374346653031585,0.00015703817437480244,-0.00020387181468348623,0.00023825042616366077,-0.04556619162326334,0.0020484479992367985,-0.0008280322732896829,-0.0003659572920667808
5.76,-0.006370664095181632,0.00015758643634745543,-0.00020378466890167384,0.00023621170801682592,-0.045094739141782685,0.002046921308329062,-0.00098689169037735,-0.0003454728120744128
5.7700000000000005,-0.006366796018952895,0.00015811483607009553,-0.00020370661998340335,0.0002341738613278092,-0.04459304114300834,0.002043244958139788,-0.0011423876690427705,-0.0003250035989911222
5.78,-0.006362743324764625,0.0001586206726486131,-0.00020363701259243098,0.00023213679512797515,-0.044061998653688254,0.0020374756508315913,-0.001294441643797476,-0.0003045711494097243
5.79,-0.0063585069051919005,0.0001591014392778584,-0.00020357516832827873,0.00023010042500205084,-0.04350252376478319,0.002029670137653661,-0.0014429792791335353,-0.00028419639290140836
5.8,-0.006354087645292095,0.00015955482372371092,-0.00020352038937648969,0.00022806467331876805,-0.04291553864686424,0.0020198852051687053,-0.0015879304630734463,-0.00026389969152487176
5.8100000000000005,-0.006349486422951737,0.0001599787080672597,-0.00020347196206431153,0.00022602946942500317,-0.04230197457413666,0.0020081776601407605,-0.0017292292972838727,-0.00024370083947318472
5.82,-0.006344704109251411,0.0001603711677456471,-0.00020342916031302922,0.00022399474980436005,-0.04166277095772618,0.001994604313184851,-0.0018668140838149156,-0.0002236190628717771
5.83,-0.006339741568846421,0.00016073046992514254,-0.00020339124897894763,0.00022196045820122975,-0.04099887438884797,0.0019792219612760203,-0.002000627308528581,-0.0002036730197399286
5.84,-0.006334599660360941,0.00016105507124284998,-0.0002033574870758,0.00021992654571144026,-0.040311237692462386,0.001962087369211895,-0.002130615621281997,-0.0001838808001271684
5.8500000000000005,-0.00632927923679348,0.0001613436149541167,-0.00020332713087212225,0.00021789297084068225,-0.039600818992004995,0.0019432572501196642,-0.0022567298129327123,-0.00016425992643504943
5.86,-0.006323781145931501,0.00016159492752321016,-0.00020329943685788837,0.00021585969953196102,-0.03886858078576169,0.0019227882450951867,-0.0023789247892351383,-0.00014482735393385278
5.87,-0.006318106230773132,0.00016180801469516557,-0.000203273664575443,0.00021382670516338214,-0.03811548903544236,0.0019007369020588312,-0.0024971595416987784,-0.0001255994714829009
5.88,-0.006312255329953961,0.0001619820570868904,-0.00020324907931049225,0.0002117939685176277,-0.03734251226748926,0.0018771596539096547,-0.002611397115480439,-0.00010659210246231259
5.89,-0.006306229278176977,0.000162116405335645,-0.00020322495463962224,0.00020976147772452277,-0.036550620687638556,0.0018521127960565843,-0.0027216045743840354,-8.782050592321604e-05
5.9,-0.006300028906643805,0.00016221057484291086,-0.0002032005748315038,0.00020772922817812654,-0.03574078530923553,0.0018256524634024127,-0.002827752963042954,-6.929937796265019e-05
5.91,-0.006293655043485458,0.0001622642401514156,-0.0002031752370996087,0.00020569722242981151,-0.03491397709578581,0.0017978346068536388,-0.0029298172663611917,-5.1042853328626066e-05
5.92,-0.006287108514190911,0.00016227722899271233,-0.00020314825370490935,0.00020366547005881542,-0.034071166118206715,0.0017687149694264681,-0.003027776366290653,-3.306450726008968e-05
5.93,-0.006280390142031892,0.00016224951604221989,-0.00020311895390765438,0.00020163398752176632,-0.03321332072722425,0.0017383490620166448,-0.0031216129960230784,-1.5377357565824997e-05
5.94,-0.006273500748482367,0.00016218121641802563,-0.00020308668576791042,0.00019960279798268978,-0.03234140674134266,0.0017067921388982095,-0.0032113136916760527,2.006133054341451e-06
5.95,-0.00626644115363129,0.00016207257895904157,-0.00020305081779512952,0.00019757193112501068,-0.03145638665079475,0.0016740991730137616,-0.003296868741553466,1.9074054443323545e-05
5.96,-0.006259212176587276,0.00016192397931729483,-0.0002030107404475467,0.00019554142294705938,-0.030559218837862202,0.0016403248311163453,-0.003378272133061608,3.581504617346116e-05
5.97,-0.006251814635873945,0.00016173591289823325,-0.0002029658674827271,0.00019351131554258392,-0.029650856813936297,0.0016055234488206904,-0.0034555214973628185,5.221829448462461e-05
5.98,-0.006244249349814785,0.00016150898768194254,-0.00020291563716107034,0.00019148165686775666,-0.028732248473670268,0.0015697490056191916,-0.003528618051849267,6.827352897283152e-05
5.99,-0.006236517136906462,0.00016124391695711117,-0.00020285951330453788,0.00018945250049614597,-0.027804335366555653,0.001533055099915732,-0.003597566540520003,8.397101902902343e-05
6.0,-0.006228618816179604,0.0001609415119984495,-0.00020279698621329927,0.00018742390536310058,-0.02686805198623574,0.0014954949241282225,-0.0036623751723449064,9.930157002818075e-05
6.01,-0.006220555207546173,0.00016060267471707944,-0.00020272757344339266,0.00018539593550096758,-0.025924325077850224,0.0014571212399085494,-0.003723055557699571,0.00011425651926946297
6.0200000000000005,-0.006212327132132633,0.00016022839031216545,-0.0002026508204488655,0.00018336865976653367,-0.0249740729636861,0.0014179863535264943,-0.0037796226429554786,0.00012882773166854848
6.03,-0.0062039354125982115,0.0001598197199507653,-0.00020256630109220214,0.000181342151562045,-0.024018204887390673,0.00137814209146211,-0.003832094643310076,0.00014300759520381344
6.04,-0.006195380873437625,0.00015937779350154628,-0.00020247361802715644,0.00017931648855112298,-0.023057620376983733,0.001337639776249002,-0.0038804929739415196,0.00015678901611843453
6.05,-0.006186664341267749,0.0001589038023466459,-0.00020237240295838883,0.0001772917523708514,-0.022093208626886834,0.0012965302026089792,-0.003924842179572964,0.00017016541388092455
6.0600000000000005,-0.006177786645097781,0.00015839899229456279,-0.00020226231678256083,0.00017526802834126753,-0.02112584789916887,0.001254863613916592,-0.003965169862531267,0.00018313071590701435
6.07,-0.0061687486165825185,0.00015786465661554928,-0.00020214304961576373,0.00017324540517344193,-0.020156404944188373,0.0012126896790301826,-0.004001506609384953,0.00019567935204618027
6.08,-0.006159551090258479,0.0001573021292195476,-0.00020201432071235463,0.0001712239746772843,-0.019185734440794237,0.001170057469524212,-0.004033885916246106,0.0002078062488364821
6.09,-0.00615019490376264,0.00015671277799527553,-0.00020187587828044093,0.00016920383147016075,-0.0182146784562282,0.0011270154373558146,-0.004062344112820711,0.00021950682353172421
6.1000000000000005,-0.006140680898033668,0.00015609799832762503,-0.00020172749919939668,0.00016718507268735633,-0.017244065925853883,0.0010836113929967612,-0.004086920285291646,0.00023077697790528236
6.11,-0.006131009917495567,0.00015545920680910125,-0.0002015689886449086,0.00016516779769536237,-0.01627471215281914,0.0010398924840602718,-0.004107656198118223,0.00024161309183524997
6.12,-0.006121182810223744,0.00015479783515959738,-0.00020140017962714,0.00016315210780891329,-0.015307418327740314,0.0009959051744504329,-0.004124596214835731,0.0002520120166758527
6.13,-0.006111200428093572,0.00015411532436738405,-0.0002012209324476657,0.00016113810601264188,-0.014342971068479215,0.0009516952240603095,-0.0041377872179380075,0.000261971068420357
6.140000000000001,-0.006101063626911558,0.00015341311906279085,-0.0002010311340808723,0.0001591258966881652,-0.013382141980065982,0.0009073076690432309,-0.004147278527925478,0.0002714880206609601
6.15,-0.006090773266529325,0.0001526926621346787,-0.00020083069748553692,0.00015711558534735648,-0.012425687234803551,0.0008627868026801433,-0.0041531218216005455,0.0002805610973513924
6.16,-0.006080330210940636,0.00015195538959844834,-0.00020061956085229408,0.0001551072783725011,-0.011474347172572244,0.0008181761568643801,-0.004155371049691515,0.0002891889653781938
6.17,-0.00606973532836175,0.00015120272572300656,-0.00020039768679267611,0.00015310108276397818,-0.010528845921336048,0.0007735184842236885,-0.004154082353885558,0.0002973707269468376
6.18,-0.0060589894912954755,0.00015043607842282045,-0.00020016506147536867,0.00015109710589605142,-0.00958989103783543,0.0007288557408978813,-0.004149313983350393,0.0003051059117890745
6.19,-0.006048093576579276,0.0001496568349199358,-0.0001999216937152598,0.00014909545528129774,-0.008658173168435078,0.000684229069989038,-0.004141126210823582,0.0003123944691980533
6.2,-0.006037048465417882,0.00014886635767962013,-0.00019966761402078118,0.00014709623834414514,-0.00773436573007877,0.0006396787856997798,-0.004129581248347392,0.0003192367598979437
6.21,-0.006025855043400864,0.00014806598062211705,-0.00019940287360494237,0.00014509956220393734,-0.0068191246112877125,0.0005952443581737675,-0.004114743162726291,0.0003256335477549415
6.22,-0.006014514200505666,0.00014725700561187016,-0.00019912754336534724,0.0001431055334678879,-0.0059130878931230365,0.0005509643990512344,-0.004096677790783101,0.00033158599133667916
6.23,-0.006003026831086641,0.0001464406992244911,-0.00019884171283835435,0.00014111425803423443,-0.005016875590017865,0.0005068766477510638,-0.004075452654488822,0.0003370956353271915
6.24,-0.005991393833850632,0.0001456182897907124,-0.00019854548913240337,0.0001391258409058509,-0.004131089410369369,0.0004630179584896443,-0.004051136876040041,0.00034216440180470214
6.25,-0.0059796161118197,0.00014479096471558118,-0.00019823899584537743,0.00013714038601452685,-0.003256312536766549,0.0004194242880454976,-0.004023801092956706,0.00034679458138959856
6.26,-0.0059676945722815945,0.00014395986807021638,-0.00019792237197070823,0.00013515799605607308,-0.0023931094257151394,0.00037613068427746614,-0.0039935173732718494,0.0003509888242700535
6.2700000000000005,-0.005955630126728586,0.00014312609845257136,-0.00019759577079675754,0.000133178772336366,-0.0015420256267070138,0.000333171275403068,-0.00396035913088365,0.0003547501311128282
6.28,-0.005943423690785309,0.00014229070711281594,-0.00019725935880382747,0.00013120281462839842,-0.0007035876204678125,0.000290579260042484,-0.003924401041138944,0.0003580818438668589
6.29,-0.005931076184126254,0.00014145469633817848,-0.00019691331456296162,0.00012923022104036015,0.0001216973237968237,0.00024838689803252374,-0.003885718956715978,0.0003609876364672837
6.3,-0.005918588530383574,0.00014061901809136817,-0.00019655782764050358,0.00012726108789473054,0.0009333412723489837,0.00020662550201383628,-0.003844389823872894,0.000363471505447609
6.3100000000000005,-0.005905961657045871,0.00013978457289603373,-0.00019619309751217747,0.0001252955096183255,0.0017308757322653558,0.00016532542979357404,-0.0038004915991270284,0.00036553776046774735
6.32,-0.005893196495348623,0.00013895220896210263,-0.00019581933249024797,0.0001233335786432037,0.002513851738400657,0.000124516077484697,-0.003754103166428709,0.0003671910147656831
6.33,-0.005880293980156925,0.00013812272154328925,-0.00019543674866710794,0.00012137538531830123,0.0032818399221969073,8.422587342210873e-05,-0.0037053042548918034,0.00036843617554053006
6.34,-0.005867255049841214,0.00013729685251855705,-0.00019504556887842836,0.00011942101783163016,0.004034430562579317,4.4482272854851925e-05,-0.003654175357141785,0.00036927843427475115
6.3500000000000005,-0.00585408064614663,0.00013647529018887016,-0.0001946460216887906,0.00011747056214284587,0.004771233619190682,5.3117534126552246e-06,-0.003600797648340594,0.0003697232570032997
6.36,-0.005840771714056688,0.00013565866928017217,-0.00019423834040250526,0.00011552410192595796,0.005491878748226894,-3.326018865578241e-05,-0.003545252905946044,0.00036977637453742624
6.37,-0.005827329201651882,0.00013484757114318432,-0.00019382276210210613,0.0001135817185219329,0.006196015301146523,-7.120904147626169e-05,-0.003487623430261967,0.0003694437726508684
6.38,-0.005813754059963888,0.0001340425241403194,-0.00019339952671679246,0.00011164349090091184,0.0068833123065373675,-0.00010851127977864748,-0.003427991965833731,0.0003687316822361058
6.390000000000001,-0.005800047242825967,0.00013324400420976142,-0.00019296887612287917,0.00010970949563374392,0.007553458435432445,-0.0001451443663676889,-0.0033664416237421477,0.0003676465694383193
6.4,-0.005786209706720191,0.00013245243559656235,-0.00019253105327810284,0.00010777980687251512,0.00820616195037703,-0.00018108675284104803,-0.0033030558048471924,0.0003661951257746424
6.41,-0.005772242410622086,0.0001316681917404553,-0.00019208630139142278,0.00010585449633973409,0.008841150638557133,-0.0002163178795612556,-0.0032379181240313184,0.00036438425824623195
6.42,-0.005758146315843269,0.00013089159630997577,-0.00019163486312975104,0.00010393363332581986,0.009458171729308174,-0.00025081817488904767,-0.0031711123354904907,0.0003622210794506194
6.43,-0.005743922385872632,0.00013012292437241895,-0.00019117697986284428,0.00010201728469452235,0.010056991796330567,-0.00028456905368624797,-0.0031027222591194174,0.0003597128977017289
6.44,-0.005729571586216629,0.00012936240368913773,-0.00019071289094739344,0.0001001055148958939,0.010637396644946511,-0.000317552915097042,-0.003032831708035762,0.00035686720716486645
6.45,-0.005715094884239166,0.00012861021612570355,-0.00019024283305115638,9.819838598641996e-05,0.011199191184739438,-0.0003497531396171454,-0.002961524417286449,0.000353691678013896
6.46,-0.005700493249001603,0.00012786649916650666,-0.00018976703951779198,9.62959576559084e-05,0.011742199287924346,-0.00038115408546099573,-0.0028888839737774607,0.00035019414661772454
6.47,-0.005685767651103342,0.00012713134752346283,-0.00018928573977287547,9.439828726073049e-05,0.012266263633803605,-0.0004117410842377023,-0.0028149937474668345,0.0003463826057631146
6.48,-0.005670919062523443,0.00012640481482861842,-0.00018879915877140032,9.250542986300173e-05,0.012771245539668807,-0.0004415004359470607,-0.0027399368238588432,0.00034226519492073755
6.49,-0.005655948456463713,0.00012568691540060147,-0.0001883075164869064,9.061743827528773e-05,0.013257024778514783,-0.0004704194033074925,-0.0026637959378356347,0.00033785019056126696
6.5,-0.00564085680719365,0.00012497762607505356,-0.0001878110274422142,8.873436311041867e-05,0.01372349938393711,-0.0004984862054282925,-0.00258665340886088,0.000333145996528192
6.51,-0.005625645089897634,0.00012427688808939013,-0.00018730990028159236,8.685625283599652e-05,0.014170585442589173,-0.0005256900108390654,-0.0025085910775882597,0.0003281611344739091
6.5200000000000005,-0.0056103142805247145,0.0001235846090124779,-0.00018680433738404214,8.498315383318059e-05,0.014598216874579297,-0.0005520209298897091,-0.002429690243905899,0.00032290423436551847
6.53,-0.005594865355641323,0.00012290066471008041,-0.00018629453451724472,8.311511045934017e-05,0.015006345202192389,-0.0005774700065347471,-0.002350031606446134,0.0003173840250666214
6.54,-0.005579299292287213,0.00012222490133720904,-0.00018578068053158876,8.125216511416771e-05,0.015394939307324208,-0.0006020292095162416,-0.00226969520358828,0.0003116093250012739
6.55,-0.0055636170678349,0.00012155713734882039,-0.00018526295709357462,7.939435830885182e-05,0.01576398517801956,-0.0006256914229599141,-0.0021887603559803534,0.0003055890329061115
6.5600000000000005,-0.005547819659852864,0.00012089716552062453,-0.0001847415384577787,7.754172873791608e-05,0.016113485644508572,-0.0006484504363994797,-0.0021073056106039934,0.00029933211867651233
6.57,-0.005531908045972735,0.00012024475497210572,-0.000184216591276457,7.569431335333828e-05,0.01644346010513772,-0.0006703009342445506,-0.002025408686405125,0.0002928476143125175
6.58,-0.005515883203760662,0.00011959965318420924,-0.00018368827444577022,7.385214744057372e-05,0.01675394424259427,-0.000691238484707796,-0.001943146421511211,0.00028614460497007203
6.59,-0.005499746110593056,0.00011896158800451143,-0.00018315673898752424,7.201526469611601e-05,0.01704498973082462,-0.0007112595282073468,-0.0018605947220542627,0.0002792322201229941
6.6000000000000005,-0.005483497743536846,0.00011833026963306323,-0.00018262212796524,7.018369730624077e-05,0.017316663933048353,-0.0007303613652607215,-0.0017778285126170926,0.0002721196248409206
6.61,-0.005467139079234394,0.00011770539258247883,-0.0001820845764332942,6.835747602658837e-05,0.017569049591270803,-0.0007485421438868046,-0.001694921688318644,0.0002648160111883134
6.62,-0.00545067109379317,0.00011708663760622869,-0.00018154421141780759,6.653663026225543e-05,0.017802244507697573,-0.0007658008465326496,-0.001611947068552577,0.00025733058974944536
6.63,-0.005434094762680274,0.00011647367358948856,-0.00018100115192790211,6.472118814807735e-05,0.018016361218454777,-0.000782137276542094,-0.0015289763523916593,0.00024967258128411887
6.640000000000001,-0.005417411060621883,0.0001158661593972908,-0.00018045550899589808,6.291117662879833e-05,0.01821152666001867,-0.000797552044183369,-0.0014460800756688882,0.00024185120851869793
6.65,-0.005400620961507641,0.00011526374567512126,-0.00017990738574498187,6.110662153883935e-05,0.01838788182875799,-0.000812046552253056,-0.0013633275697446773,0.00023387568807686424
6.66,-0.005383725438300054,0.00011466607659750082,-0.00017935687748284058,5.930754768138953e-05,0.01854558143399158,-0.000825622981273901,-0.0012807869219678479,0.00022575522255433367
6.67,-0.0053667254629488625,0.00011407279156048556,-0.00017880407181973234,5.751397890656113e-05,0.018684793544962795,-0.0008382842743041232,-0.001198524937836607,0.00021749899274159466
6.68,-0.005349622006310402,0.00011348352681441093,-0.0001782490488094418,5.57259381883638e-05,0.018805699232130844,-0.0008500341213759685,-0.0011166071048641492,0.00020911614999855342
6.69,-0.005332416038071911,0.00011289791703359275,-0.00017769188111155598,5.394344770026938e-05,0.01890849220317755,-0.0008608769435813527,-0.0010350975581519908,0.00020061580878479374
6.7,-0.005315108526680745,0.00011231559682007948,-0.00017713263417348907,5.216652888915382e-05,0.018993378434125904,-0.0008708178768225069,-0.0009540590476726509,0.00019200703934898022
6.71,-0.0052977004392784355,0.0001117362021389252,-0.00017657136643068298,5.039520254741893e-05,0.019060575795964624,-0.0008798627552455946,-0.0008735529072618078,0.00018329886058075516
6.72,-0.0052801927416395176,0.00011115937168282022,-0.00017600812952341642,4.86294888831121e-05,0.019110313677170223,-0.0008880180943753033,-0.0007936390253186081,0.0001745002330282992
6.73,-0.005262586398115035,0.00011058474816427433,-0.00017544296852866424,4.686940758787793e-05,0.019142832602515245,-0.0008952910739684299,-0.0007143758172113753,0.00016562005208454615
6.74,-0.005244882371580628,0.00011001197953389697,-0.0001748759222054654,4.511497790259129e-05,0.01915838384854815,-0.0009016895206044773,-0.000635820199384558,0.00015666714134486185
6.75,-0.005227081623389072,0.00010944072012365645,-0.0001743070232522781,4.3366218680536635e-05,0.019157229056126882,-0.000907221890031262,-0.0005580275651613789,0.00014765024613881708
6.76,-0.005209185113327176,0.00010887063171432754,-0.00017373629857482553,4.1623148448013855e-05,0.019139639840384425,-0.0009118972492834938,-0.00048105176223529655,0.00013857802723850446
6.7700000000000005,-0.005191193799576866,0.00010830138452665179,-0.00017316376956296608,3.98857854622656e-05,0.019105897398500698,-0.0009157252585922383,-0.00040494507184206407,0.0001294590547456695
6.78,-0.005173108638680343,0.00010773265813603694,-0.00017258945237515457,3.815414776663594e-05,0.019056292115650905,-0.0009187161531031022,-0.0003297581896028752,0.00012030180215974713
6.79,-0.0051549305855091475,0.00010716414231091165,-0.000172013358229099,3.642825324288439e-05,0.018991123169495968,-0.0009208807244208968,-0.00025554020802782094,0.00011111464062871611
6.8,-0.005136660593236976,0.00010659553777512674,-0.00017143549369725793,3.47081196605934e-05,0.01891069813357599,-0.0009222303019984337,-0.00018233860066764243,0.00010190583338450714
6.8100000000000005,-0.00511829961331609,0.00010602655689505632,-0.00017085586100586765,3.299376472362082e-05,0.01881533257996272,-0.0009227767343869926,-0.00011019920790055847,9.26835303645228e-05
6.82,-0.005099848595457139,0.00010545692429229923,-0.00017027445833623479,3.128520611356214e-05,0.018705349681521873,-0.0009225323703658688,-3.916622433977039e-05,8.345576302065288e-05
6.83,-0.005081308487612233,0.00010488637738311396,-0.0001696912801270794,2.9582461530199792e-05,0.01858107981413074,-0.0009215100399682642,3.071781215389875e-05,7.423043931699419e-05
6.84,-0.005062680235961085,0.00010431466684593832,-0.00016910631737676558,2.7885548728929e-05,0.018442860159190975,-0.0009197230354206274,9.941202987088665e-05,6.501533891731155e-05
6.8500000000000005,-0.005043964784900034,0.0001037415570185481,-0.00016851955794430873,2.6194485555161345e-05,0.01829103430677065,-0.0009171850920123758,0.0001668772310810335,5.581810856310527e-05
6.86,-0.005025163077033781,0.00010316682622659708,-0.0001679309868481056,2.4509289975718258e-05,0.018125951859703705,-0.0009139103689127491,0.00023307589830976887,4.664625764298151e-05
6.87,-0.00500627605316965,0.00010259026704545388,-0.0001673405865613878,2.2829980107237202e-05,0.01794796803896875,-0.0009099134299513429,0.0002979721990821458,3.750715395385402e-05
6.88,-0.0049873046523141755,0.00010201168649740934,-0.00016674833730345829,2.1156574241623323e-05,0.01775744329066293,-0.0009052092243786668,0.0003615319891555062,2.840801965434059e-05
6.890000000000001,-0.0049682498116718635,0.00010143090618647132,-0.00016615421732582838,1.948909086858874e-05,0.017554742894879946,-0.0008998130676228447,0.0004237228142625112,1.935592741055392e-05
6.9,-0.004949112466645915,0.00010084776237309279,-0.00016555820319243142,1.7827548695330454e-05,0.01734023657679482,-0.000893740622058345,0.0004845139103871851,1.0357796734325474e-05
6.91,-0.004929893550840742,0.00010026210599129296,-0.00016496027005314924,1.617196666340614e-05,0.01711429812025106,-0.0008870078778023866,0.0005438762025975018,1.4203905137420235e-06
6.92,-0.004910593996066107,9.967380261073115e-05,-0.00016436039190994648,1.4522363962874646e-05,0.016877304984139075,-0.0008796311335544085,0.0006017823024588913,-7.449688264281843e-06
6.93,-0.004891214732342688,9.908273234637924e-05,-0.00016375854187496735,1.2878760043775181e-05,0.016629637921847528,-0.0008716269774937304,0.0006582065040538537,-1.6245999599825928e-05
6.94,-0.00487175668790892,9.848878971851062e-05,-0.0001631546924200085,1.1241174625025507e-05,0.016371680604062157,-0.000863012268250258,0.0007131247786336491,-2.4962269374763234e-05
6.95,-0.0048522207892289235,9.789188346578263e-05,-0.00016254881561683963,9.609627700825422e-06,0.0161038192451793,-0.0008538041159628023,0.0007665147679287722,-3.3592392057265816e-05
6.96,-0.004832607961001375,9.729193631423573e-05,-0.00016194088336790222,7.984139544657025e-06,0.015826442233593883,-0.000844019863439293,0.0008183557761456304,-4.213043321689384e-05
6.97,-0.004812919126169135,9.668888470506595e-05,-0.0001613308676269723,6.364730710978003e-06,0.015539939766114227,-0.0008336770674328655,0.0008686287606775177,-5.057063185128677e-05
6.98,-0.004793155205929502,9.608267848404905e-05,-0.00016071874060943016,4.75142203470828e-06,0.015244703486748255,-0.0008227934800474934,0.0009173163215586153,-5.890740252561543e-05
6.99,-0.004773317119744932,9.54732805555045e-05,-0.00016010447499183362,3.144234628613978e-06,0.014941126130098157,-0.0008113870302865263,0.0009644026896903544,-6.713533732609036e-05
7.0,-0.0047534057853540704,9.48606665036867e-05,-0.00015948804410054508,1.5431898786956417e-06,0.01462960116959266,-0.0007994758057571656,0.0010098737138700456,-7.524920762895562e-05
7.01,-0.004733422118782977,9.424482418447875e-05,-0.000158869422089214,-5.1690562309809006e-08,0.014310522470778306,-0.0007870780345435896,0.0010537168466522146,-8.324396568652729e-05
7.0200000000000005,-0.004713367034356393,9.362575329024274e-05,-0.00015824858410496692,-1.640384783201949e-06,0.013984283949883177,-0.0007742120672610978,0.0010959211290735836,-9.111474603196318e-05
7.03,-0.0046932414447089415,9.300346489064901e-05,-0.0001576255064432048,-3.222870624251618e-06,0.013651279237858601,-0.0007608963593033094,0.001136477174273104,-9.885686670457416e-05
7.04,-0.004673046260796122,9.237798095226701e-05,-0.0001570001666909546,-4.799125688683666e-06,0.013311901350096323,-0.0007471494532941028,0.0011753771500388791,-0.00010646583029760726
7.05,-0.004652782391905004,9.174933383965134e-05,-0.00015637254385876607,-6.369127355593212e-06,0.012966542362010629,-0.000732989961755632,0.0012126147603142073,-0.00011393732483054829
7.0600000000000005,-0.004632450745664508,9.111756580060047e-05,-0.0001557426185011877,-7.932852794180873e-06,0.012615593090666831,-0.0007184365500034031,0.0012481852256953497,-0.00012126722444810461
7.07,-0.004612052228055167,9.048272843820187e-05,-0.00015511037282589602,-9.49027897919275e-06,0.012259442782629401,-0.0007035079192790311,0.0012820852629539462,-0.00012845158994813865
7.08,-0.004591587743418287,8.984488217220658e-05,-0.00015447579079159066,-1.1041382707451709e-05,0.011898478808194978,-0.000688222790130939,0.0013143130636173077,-0.00013548666914092896
7.09,-0.00457105819446442,8.920409569220012e-05,-0.00015383885819480447,-1.2586140615367616e-05,0.011533086362167329,-0.0006725998860528911,0.0013448682716400708,-0.00014236889704223834
7.1000000000000005,-0.004550464482281056,8.856044540495396e-05,-0.00015319956274581126,-1.412452919731566e-05,0.011163648171323216,-0.0006566579173898837,0.0013737519602009382,-0.00014909489590276726
7.11,-0.00452980750633949,8.791401487825507e-05,-0.00015255789413384587,-1.5656524824773772e-05,0.010790544208710043,-0.0006404155655205476,0.001400966607658419,-0.0001556614750766661
7.12,-0.004509088164500773,8.726489428341896e-05,-0.00015191384408188088,-1.718210376611223e-05,0.010414151414908012,-0.0006238914673248374,0.0014265160726996573,-0.00016206563073187157
7.13,-0.004488307353020704,8.66131798385964e-05,-0.0001512674063912316,-1.870124220693104e-05,0.010034843426381473,-0.000607104199945413,0.0014504055687165646,-0.00016830454540511995
7.140000000000001,-0.004467465966553808,8.595897325488449e-05,-0.00015061857697628572,-2.021391627084336e-05,0.009652990311036056,-0.000590072265850736,0.001472641637443582,-0.0001743755874045741
7.15,-0.0044465648981562534,8.530238118715143e-05,-0.00014996735388967734,-2.1720102040606215e-05,0.00926895831109018,-0.0005728140782075286,0.0014932321218914663,-0.00018027631006308146
7.16,-0.004425605039287676,8.464351469137956e-05,-0.00014931373733824535,-2.3219775579502987e-05,0.008883109593361523,-0.000555347946569861,0.0015121861386115359,-0.00018600445084515676
7.17,-0.004404587279811875,8.398248869022525e-05,-0.00014865772969013471,-2.471291295288544e-05,0.008495802007061095,-0.0005376920628917575,0.001529514049324829,-0.00019155793031085537
7.18,-0.004383512507996345,8.33194214483867e-05,-0.00014799933547341538,-2.6199490249786785e-05,0.008107388849179676,-0.0005198644878698273,0.0015452274319506043,-0.00019693485093977295
7.19,-0.004362381610510649,8.265443405926191e-05,-0.0001473385613666079,-2.7679483604520938e-05,0.007718218637543516,-0.0005018831376220491,0.0015593390510685702,-0.00020213349581847122
7.2,-0.004341195472423594,8.198764994427037e-05,-0.00014667541618151677,-2.915286921818702e-05,0.0073286348916084335,-0.00048376577070846156,0.0015718628278491545,-0.00020715232719469172
7.21,-0.004319954977199211,8.13191943661025e-05,-0.00014600991083878228,-3.0619623380002186e-05,0.00693897592105374,-0.0004655299754991298,0.0015828138094860207,-0.00021198998490177634
7.22,-0.004298661006691538,8.064919395705237e-05,-0.00014534205833657056,-3.2079722488390006e-05,0.006549574622229768,-0.00044719315789438563,0.0015922081381649121,-0.00021664528465676762
7.23,-0.0042773144411382,7.997777626348093e-05,-0.00014467187371282667,-3.3533143071755715e-05,0.006160758282505234,-0.0004287725294019617,0.0016000630196027405,-0.00022111721623571147
7.24,-0.004255916159152806,7.930506930734989e-05,-0.00014399937400152058,-3.497986180888398e-05,0.005772848392553174,-0.00041028509557526784,0.001606396691190659,-0.0002254049415297311
7.25,-0.00423446703771616,7.863120116566106e-05,-0.00014332457818331832,-3.641985554889919e-05,0.005386160466606826,-0.0003917476448166877,0.0016112283897746459,-0.00022950779248548378
7.26,-0.0042129679521663065,7.795629956853163e-05,-0.00014264750713111123,-3.785310133073237e-05,0.00500100387070952,-0.0003731767375494033,0.0016145783191068947,-0.00023342526893365065
7.2700000000000005,-0.00419141977618744,7.728049151653436e-05,-0.0001419681835508355,-3.927957640204348e-05,0.004617681658975428,-0.00035458869576089223,0.0016164676170010417,-0.00023715703630914468
7.28,-0.0041698233817976825,7.660390291783212e-05,-0.0001412866319180121,-4.069925823755184e-05,0.004236490417870977,-0.0003359995929208773,0.0016169183222239866,-0.0002407029232667536
7.29,-0.004148179639335776,7.5926658245539e-05,-0.000140602878410433,-4.211212455673196e-05,0.003857720118519679,-0.0003174252442761505,0.0016159533411567485,-0.00024406291919596237
7.3,-0.004126489417446709,7.524888021564651e-05,-0.0001399169508374146,-4.351815334083629e-05,0.003481653977026308,-0.00029888119752433757,0.0016135964142564778,-0.0002472371716387239
7.3100000000000005,-0.004104753583066309,7.457068948576198e-05,-0.00013922887856603286,-4.4917322849210436e-05,0.0031085683228095564,-0.00028038272386831617,0.0016098720823513855,-0.00025022598361396726
7.32,-0.004082973001404849,7.389220437481857e-05,-0.0001385386924447464,-4.630961163487076e-05,0.0027387324749256776,-0.0002619448094526549,0.0016048056527999891,-0.0002530298108526504
7.33,-0.004061148535929693,7.321354060383204e-05,-0.00013784642472480563,-4.769499855931823e-05,0.002372408626359092,-0.00024358214718309487,0.0015984231655456714,-0.00025564925894717695
7.34,-0.004039281048347032,7.253481105769829e-05,-0.0001371521089798353,-4.907346280656629e-05,0.0020098517362495466,-0.0002253091289297577,0.0015907513590971442,-0.0002580850804190079
7.3500000000000005,-0.004017371398582746,7.185612556794878e-05,-0.00013645578002396776,-5.0444983896364637e-05,0.0016513094300191415,-0.0002071398381144298,0.001581817636464971,-0.0002603381717083055
7.36,-0.003995420444762443,7.117759071630752e-05,-0.00013575747382889124,-5.180954169660431e-05,0.001297021907356419,-0.00018908804268194228,0.0015716500310838548,-0.0002624095700894498
7.37,-0.003973429043190715,7.049930965882391e-05,-0.00013505722744016626,-5.316711643489322e-05,0.0009472218580086997,-0.0001711671884553427,0.0015602771727499275,-0.00026430045051626923
7.38,-0.003951398048329665,6.982138197029035e-05,-0.00013435507889314872,-5.451768870929488e-05,0.0006021343853280028,-0.00015339039287423628,0.0015477282536017903,-0.00026601212240082265
7.390000000000001,-0.003929328312776752,6.914390350859216e-05,-0.0001336510671288449,-5.586123949822637e-05,0.00026197693751016404,-0.00013577043911536005,0.0015340329941735543,-0.000267546026329565
7.4,-0.003907220687241998,6.846696629858e-05,-0.00013294523191000878,-5.719775016951482e-05,-7.304075353880342e-05,-0.00011831977059414682,0.001519221609547609,-0.0002689037307207186
7.41,-0.003885076020524615,6.779065843500205e-05,-0.00013223761373777753,-5.852720248861491e-05,-0.0004027167257804867,-0.00010105048584573417,0.0015033247756343147,-0.0002700869284266601
7.42,-0.0038628951594890954,6.71150640039838e-05,-0.0001315282537691246,-5.984957862599268e-05,-0.0007268568331426513,-8.397433378357785e-05,0.0014863735956052646,-0.00027109743328511746
7.43,-0.0038406789490408244,6.644026302249889e-05,-0.0001308171937353954,-6.116486116368393e-05,-0.0010452747842204044,-6.710270933354016e-05,0.0014683995665062037,-0.0002719371766229532
7.44,-0.003818428232101255,6.57663313952331e-05,-0.00013010447586217348,-6.247303310103788e-05,-0.0013577921736667039,-5.044664944104103e-05,0.0014494345460751108,-0.0002726082037162886
7.45,-0.0037961438495827064,6.509334088820729e-05,-0.00012939014279070936,-6.377407785965961e-05,-0.0016642385063637937,-3.401682944858301e-05,0.0014295107197903683,-0.000273112670210699
7.46,-0.0037738266403628275,6.442135911849201e-05,-0.00012867423750112807,-6.50679792875667e-05,-0.0019644512144718087,-1.7823559840691992e-05,0.001408660568173341,-0.0002734528385051848
7.47,-0.00375147744125878,6.375044955931785e-05,-0.00012795680323761453,-6.635472166257798e-05,-0.002258275667455297,-1.8767833530525843e-06,0.0013869168343690764,-0.00027363107410359174
7.48,-0.0037290970870011873,6.308067155986073e-05,-0.00012723788343576014,-6.763428969495412e-05,-0.0025455651751927597,1.3813927557638829e-05,0.0013643124920282189,-0.0002736498419371223
7.49,-0.0037066864102078996,6.241208037895993e-05,-0.00012651752165223728,-6.890666852931172e-05,-0.0028261809842784896,2.9239372886829266e-05,0.0013408807135125986,-0.0002735117026615459
7.5,-0.0036842462413576187,6.174472723200961e-05,-0.00012579576149695246,-7.01718437458341e-05,-0.003099992267630018,4.43907269022402e-05,0.0013166548384463178,-0.0002732193089326776
7.51,-0.003661777408763433,6.107865935025025e-05,-0.00012507264656781274,-7.142980136080363e-05,-0.0033668761075183523,5.925953961517669e-05,0.0012916683426335085,-0.0002727754016636552
7.5200000000000005,-0.0036392807385463013,6.041392005167648e-05,-0.00012434822038822458,-7.268052782648176e-05,-0.003626717472141871,7.383773790744404e-05,0.0012659548073632846,-0.00027218280626750344
7.53,-0.003616757054608536,5.975054882277046e-05,-0.00012362252634742844,-7.3924010030364e-05,-0.003879409185868306,8.811762631852142e-05,0.0012395478891217434,-0.000271444428888429
7.54,-0.00359420717860732,5.908858141026635e-05,-0.00012289560764375767,-7.516023529383828e-05,-0.004124851893272597,0.00010209188749785408,0.0012124812897302086,-0.0002705632526252438
7.55,-0.0035716319299283054,5.842804992215046e-05,-0.00012216750723089524,-7.638919137027586e-05,-0.0043629540171016305,0.00011575358232733108,0.0011847887269282324,-0.0002695423337502652
7.5600000000000005,-0.0035490321256593225,5.776898293710439e-05,-0.00012143826776718765,-7.76108664425848e-05,-0.004593631710299916,0.0001290961497192123,0.0011565039054191937,-0.00026838479792699193
7.57,-0.003526408580564249,5.7111405621602925e-05,-0.00012070793156806118,-7.882524912025668e-05,-0.004816808802233143,0.00014211340609495877,0.0011276604883956505,-0.0002670938364297998
7.58,-0.003503762107057063,5.6455339853886767e-05,-0.00011997654056157244,-8.00323284359373e-05,-0.005032416739249288,0.000154799544550602,0.0010982920695609146,-0.0002656727023688502
7.59,-0.0034810935151761207,5.5800804354040094e-05,-0.00011924413624711218,-8.123209384155302e-05,-0.005240394519719486,0.0001671491337144626,0.001068432145662632,-0.00026412470692334416
7.6000000000000005,-0.0034584036125586875,5.5147814819415654e-05,-0.00011851075965726872,-8.242453520402413e-05,-0.005440688623703296,0.0001791571163031952,0.0010381140895534564,-0.00026245321558619956
7.61,-0.0034356932044157513,5.449638406466499e-05,-0.00011777645132284548,-8.360964280059683e-05,-0.005633252937385219,0.00019081880738229526,0.0010073711237932148,-0.0002606616444231676
7.62,-0.00341296309350715,5.384652216564818e-05,-0.00011704125124101598,-8.478740731382529e-05,-0.005818048672431386,0.00020212989233735502,0.0009762362948062672,-0.0002587534563493446
7.63,-0.0033902140801170357,5.3198236606516424e-05,-0.00011630519884658866,-8.595781982623544e-05,-0.005995044280417275,0.00021308642456249903,0.000944742447607069,-0.00025673215742597104
7.640000000000001,-0.0033674469620296986,5.2551532429281096e-05,-0.0001155683329863437,-8.712087181470133e-05,-0.0061642153624790474,0.00022368482287256518,0.0009129222011062515,-0.0002546012931803461
7.65,-0.003344662534505779,5.1906412385205344e-05,-0.00011483069189639479,-8.827655514456476e-05,-0.0063255445743426965,0.00023392186864572555,0.0008808079240088402,-0.0002523644449516204
7.66,-0.0033218615902588797,5.1262877087377524e-05,-0.00011409231318251931,-8.942486206352872e-05,-0.006479021526886649,0.0002437947027033612,0.0008484317113155409,-0.00025002522626516315
7.67,-0.003299044919432603,5.062092516385089e-05,-0.00011335323380339256,-9.056578519535391e-05,-0.00662464268239472,0.00025330082193411764,0.0008158253614373319,-0.00024758727923812954
7.68,-0.003276213309578027,4.998055341075973e-05,-0.00011261349005665357,-9.169931753338784e-05,-0.006762411246657486,0.0002624380756691728,0.0007830203539329125,-0.0002450542710187884
7.69,-0.0032533675456316346,4.934175694484925e-05,-0.00011187311756772306,-9.282545243395438e-05,-0.006892337057081081,0.0002712046618158458,0.0007500478278778756,-0.00024242989026209666
7.7,-0.00323050840989371,4.870452935488424e-05,-0.0001111321512812878,-9.39441836096316e-05,-0.00701443646696326,0.0002795991227567655,0.0007169385608737881,-0.0002397178436439382
7.71,-0.0032076366820072127,4.8068862851430084e-05,-0.0001103906254553593,-9.505550512244449e-05,-0.007128732226097264,0.00028762034102189815,0.0006837229487046875,-0.00023692185241637055
7.72,-0.003184753138937138,4.743474841452868e-05,-0.00010964857365781002,-9.615941137699808e-05,-0.007235253357864518,0.0002952675347408105,0.0006504309856478298,-0.00023404564900615158
7.73,-0.0031618585549503726,4.680217593882154e-05,-0.0001089060287652851,-9.725589711357618e-05,-0.007334035032977603,0.0003025402528826081,0.0006170922454448565,-0.0002310929736587435
7.74,-0.0031389537015960494,4.617113437570187e-05,-0.00010816302296438404,-9.834495740122903e-05,-0.007425118440035165,0.00030943837029105264,0.0005837358629388872,-0.0002280675711299174
7.75,-0.0031160393476864093,4.5541611872107665e-05,-0.00010741958775500269,-9.942658763087287e-05,-0.0075085506530505235,0.00031596208252240984,0.0005503905163823864,-0.0002249731874270069
7.76,-0.003093116259278168,4.491359590559773e-05,-0.00010667575395572349,-0.0001005007835084229,-0.0075843844961157115,0.00032211190049362875,0.0005170844104200065,-0.00022181356660178278
7.7700000000000005,-0.0030701851996543933,4.428707341538265e-05,-0.00010593155171113908,-0.00010156754104798014,-0.00765267840536248,0.0003278886449484878,0.00048384525974996367,-0.0002185924475968465
7.78,-0.00304724692930689,4.3662030929012555e-05,-0.00010518701050099281,-0.00010262685656509152,-0.007713496288381505,0.000333293440749376,0.0004507002734668709,-0.00021531356114736164
7.79,-0.0030243022059190934,4.3038454684452954e-05,-0.00010444215915101816,-0.00010367872667010146,-0.0077669073812605734,0.00033832771100240016,0.0004176761400883226,-0.0002119806267398679
7.8,-0.003001351784349464,4.241633074730946e-05,-0.00010369702584535822,-0.00010472314826161164,-0.007812986103401965,0.0003429931710235271,0.000384799013266908,-0.00020859734962984388
7.8100000000000005,-0.002978396416615387,4.179564512299056e-05,-0.00010295163814044622,-0.00010576011852006523,-0.00785181191027852,0.00034729182215347817,0.0003520944981887189,-0.0002051674179196086
7.82,-0.0029554368518775625,4.117638386362622e-05,-0.00010220602298022776,-0.00010678963490146969,-0.007883469144287088,0.00035122594542909887,0.0003195876386588168,-0.00020169449969807384
7.83,-0.0029324738364248882,4.055853316958745e-05,-0.00010146020671260638,-0.00010781169513127198,-0.00790804688385708,0.00035479809511892145,0.0002873029048735302,-0.00019818224024378286
7.84,-0.0029095081136598206,3.994207948547906e-05,-0.00010071421510699444,-0.00010882629719839804,-0.007925638790970772,0.0003580110921306292,0.000255264181878874,-0.00019463425929259364
7.8500000000000005,-0.0028865404240842126,3.932700959050386e-05,-9.996807337285344e-05,-0.00010983343934946798,-0.00793634295725087,0.0003608680172981153,0.00022349475871380605,-0.00019105414837128736
7.86,-0.0028635715052856133,3.871331068312208e-05,-9.922180617910846e-05,-0.00011083312008319652,-0.007940261748769472,0.00036337220455580664,0.0001920173182364772,-0.00018744546819830622
7.87,-0.0028406020919240224,3.8100970459954114e-05,-9.847543767432462e-05,-0.0001118253381449876,-0.007937501649731251,0.0003655272340078935,0.0001608539276310783,-0.00018381174615274815
7.88,-0.0028176329157190904,3.748997718889831e-05,-9.772899150753483e-05,-0.00011281009252173085,-0.007928173105182066,0.0003673369249000731,0.00013002602959234704,-0.00018015647381266922
7.890000000000001,-0.0027946647054377482,3.6880319776458106e-05,-9.698249084961132e-05,-0.0001137873824368062,-0.007912390362892693,0.00036880532850137296,9.9554434184269e-05,-0.0001764831045636685
7.9,-0.0027716981868822614,3.6271987829294457e-05,-9.623595841507619e-05,-0.0001147572073453023,-0.007890271314565548,0.0003699367209035748,6.945931136898877e-05,-0.00017279505127865477
7.91,-0.002748734082878689,3.566497171003986e-05,-9.548941648424925e-05,-0.00011571956692945307,-0.007861937336510541,0.00037073559574570767,3.9760184201441696e-05,-0.00016909568406961903
7.92,-0.002725773113265741,3.5059262587429994e-05,-9.474288692563524e-05,-0.00011667446109429556,-0.00782751312993423,0.0003712066568710206,1.0475922684722498e-05,-0.00016538832811216196
7.930000000000001,-0.002702815994884017,3.44548524808271e-05,-9.399639121845548e-05,-0.00011762188996355191,-0.007787126560984471,0.00037135481092378397,-1.837526171927452e-05,-0.00016167626154345175
7.94,-0.002679863441565614,3.3851734299226755e-05,-9.324995047523355e-05,-0.00011856185387573647,-0.007740908500690645,0.0003711851598931998,-4.6775820929878274e-05,-0.0001579627134342139
7.95,-0.0026569161641240902,3.324990187485558e-05,-9.250358546434784e-05,-0.0001194943533804888,-0.007688992664937386,0.0003707029936116277,-7.470887444471784e-05,-0.00015425086183528191
7.96,-0.0026339748703447683,3.264934999148267e-05,-9.175731663246841e-05,-0.00012041938923513228,-0.007631515454607453,0.00036991378221425635,-0.00010215821290068855,-0.00015054383189916563
7.97,-0.002611040264975369,3.205007440758123e-05,-9.101116412679966e-05,-0.00012133696240145697,-0.007568615796027068,0.00036882316856726697,-0.0001291083010060729,-0.00014684469407702307
7.98,-0.002588113049716956,3.145207187448967e-05,-9.026514781705446e-05,-0.00012224707404272496,-0.007500434981844606,0.0003674369606714473,-0.00015554427985149948,-0.0001431564623913504
7.99,-0.0025651939232151796,3.085534014973319e-05,-8.951928731709e-05,-0.0001231497255208955,-0.007427116512471063,0.0003657611240481237,-0.0001814519686078279,-0.00013948209278463595
8.0,-0.0025422835810518063,3.0259878005677053e-05,-8.877360200613992e-05,-0.0001240449183940664,-0.007348805938208137,0.000363801774114182,-0.0002068178656194378,-0.00013582448154415472
